-- phpMyAdmin SQL Dump
-- version 4.6.6deb5
-- https://www.phpmyadmin.net/
--
-- Host: localhost:3306
-- Generation Time: Apr 17, 2019 at 07:20 AM
-- Server version: 5.7.25-0ubuntu0.18.04.2
-- PHP Version: 7.2.15-0ubuntu0.18.04.2

SET SQL_MODE = "NO_AUTO_VALUE_ON_ZERO";
SET time_zone = "+00:00";


/*!40101 SET @OLD_CHARACTER_SET_CLIENT=@@CHARACTER_SET_CLIENT */;
/*!40101 SET @OLD_CHARACTER_SET_RESULTS=@@CHARACTER_SET_RESULTS */;
/*!40101 SET @OLD_COLLATION_CONNECTION=@@COLLATION_CONNECTION */;
/*!40101 SET NAMES utf8mb4 */;

--
-- Database: `eapi`
--

-- --------------------------------------------------------

--
-- Table structure for table `migrations`
--

CREATE TABLE `migrations` (
  `id` int(10) UNSIGNED NOT NULL,
  `migration` varchar(255) COLLATE utf8mb4_unicode_ci NOT NULL,
  `batch` int(11) NOT NULL
) ENGINE=InnoDB DEFAULT CHARSET=utf8mb4 COLLATE=utf8mb4_unicode_ci;

--
-- Dumping data for table `migrations`
--

INSERT INTO `migrations` (`id`, `migration`, `batch`) VALUES
(1, '2014_10_12_000000_create_users_table', 1),
(2, '2014_10_12_100000_create_password_resets_table', 1),
(3, '2019_04_17_034553_create_products_table', 1),
(4, '2019_04_17_034601_create_reviews_table', 1);

-- --------------------------------------------------------

--
-- Table structure for table `password_resets`
--

CREATE TABLE `password_resets` (
  `email` varchar(255) COLLATE utf8mb4_unicode_ci NOT NULL,
  `token` varchar(255) COLLATE utf8mb4_unicode_ci NOT NULL,
  `created_at` timestamp NULL DEFAULT NULL
) ENGINE=InnoDB DEFAULT CHARSET=utf8mb4 COLLATE=utf8mb4_unicode_ci;

-- --------------------------------------------------------

--
-- Table structure for table `products`
--

CREATE TABLE `products` (
  `id` bigint(20) UNSIGNED NOT NULL,
  `name` varchar(255) COLLATE utf8mb4_unicode_ci NOT NULL,
  `detail` text COLLATE utf8mb4_unicode_ci NOT NULL,
  `price` int(11) NOT NULL,
  `stock` int(11) NOT NULL,
  `discount` int(11) NOT NULL,
  `created_at` timestamp NULL DEFAULT NULL,
  `updated_at` timestamp NULL DEFAULT NULL
) ENGINE=InnoDB DEFAULT CHARSET=utf8mb4 COLLATE=utf8mb4_unicode_ci;

--
-- Dumping data for table `products`
--

INSERT INTO `products` (`id`, `name`, `detail`, `price`, `stock`, `discount`, `created_at`, `updated_at`) VALUES
(1, 'consequatur', 'Libero et adipisci officia sit aut quia doloremque ipsa. Officiis nulla consequatur quisquam aut suscipit. Et sunt perferendis totam voluptatem corrupti cupiditate quibusdam.', 466, 0, 16, '2019-04-17 01:18:58', '2019-04-17 01:18:58'),
(2, 'quia', 'Inventore nihil optio doloremque nihil commodi omnis. Nesciunt asperiores aut quaerat cupiditate debitis facere amet voluptatem. Iure quos ut ut dolores illo similique.', 193, 8, 17, '2019-04-17 01:18:58', '2019-04-17 01:18:58'),
(3, 'non', 'Dolorem itaque qui nam. Quod minima laborum pariatur non facilis sit enim. Labore consequuntur deleniti pariatur et voluptatem tempore laudantium.', 209, 5, 28, '2019-04-17 01:18:58', '2019-04-17 01:18:58'),
(4, 'et', 'Qui et officiis ad. Culpa sapiente ipsam et rerum est. Eveniet animi pariatur magnam culpa. Libero ut facere corporis.', 867, 6, 20, '2019-04-17 01:18:58', '2019-04-17 01:18:58'),
(5, 'architecto', 'Sint reiciendis tenetur et inventore. Tenetur ipsum veritatis aspernatur unde aut nam nulla. Omnis consequatur ab similique nobis inventore molestiae. Et provident dolores aut earum ab.', 969, 8, 3, '2019-04-17 01:18:58', '2019-04-17 01:18:58'),
(6, 'nihil', 'Cupiditate natus perferendis odit tenetur. Odio delectus delectus vel.', 588, 8, 27, '2019-04-17 01:18:58', '2019-04-17 01:18:58'),
(7, 'cum', 'Facilis rerum nulla est aut rerum accusantium consequuntur. Omnis est et sapiente iure. Labore non beatae in voluptatem et doloribus. Repellendus sed et laborum ipsum aspernatur molestiae voluptas. Rem est expedita asperiores ut inventore est rerum.', 697, 7, 16, '2019-04-17 01:18:58', '2019-04-17 01:18:58'),
(8, 'in', 'Et ullam vero nostrum quos omnis laboriosam. Asperiores placeat delectus eligendi omnis ad. Non assumenda soluta sequi doloremque veniam architecto aliquid.', 334, 5, 19, '2019-04-17 01:18:58', '2019-04-17 01:18:58'),
(9, 'molestiae', 'Ea consequatur adipisci veritatis qui dolor ut accusamus. Ab aliquam et et itaque. Tempore voluptas sed a repellendus praesentium error. Sit saepe voluptate sint neque ut veniam.', 806, 4, 26, '2019-04-17 01:18:58', '2019-04-17 01:18:58'),
(10, 'magnam', 'Sunt unde eveniet incidunt in qui. Beatae ratione aut ut expedita. Libero ut commodi a nesciunt. Placeat quas et consequatur illum numquam.', 697, 6, 3, '2019-04-17 01:18:58', '2019-04-17 01:18:58'),
(11, 'quas', 'Facilis et iusto voluptas et ducimus eveniet a. Cum voluptas ratione autem qui impedit rerum. Et rerum eos ipsa vel eos eum excepturi ullam.', 211, 4, 26, '2019-04-17 01:18:58', '2019-04-17 01:18:58'),
(12, 'similique', 'Est fugit natus et est laudantium hic. Aspernatur quis ratione maiores. Eos molestiae culpa vero. Natus dolorem assumenda aut.', 692, 4, 16, '2019-04-17 01:18:58', '2019-04-17 01:18:58'),
(13, 'necessitatibus', 'Sequi sequi et impedit. Dolor non ullam autem omnis voluptatem beatae. Veniam sed atque aliquid nostrum alias.', 450, 1, 21, '2019-04-17 01:18:58', '2019-04-17 01:18:58'),
(14, 'temporibus', 'Reprehenderit consequatur aut delectus totam impedit doloremque molestiae. Quo iure dignissimos voluptas molestiae iste non quia. At sint atque alias beatae distinctio doloremque quo nisi.', 142, 3, 15, '2019-04-17 01:18:58', '2019-04-17 01:18:58'),
(15, 'qui', 'Dolores distinctio consectetur incidunt laboriosam aut aut. Autem magnam eum sit quae. Quos quod qui et perspiciatis. Optio commodi hic aut vel assumenda dolor explicabo veritatis.', 228, 5, 20, '2019-04-17 01:18:58', '2019-04-17 01:18:58'),
(16, 'velit', 'Aut non iusto nihil. Ut a magnam esse atque. Eius similique voluptatum nulla voluptatibus vitae. Placeat in voluptas voluptas quia tempore amet dignissimos et.', 606, 5, 21, '2019-04-17 01:18:58', '2019-04-17 01:18:58'),
(17, 'et', 'Dolorum nobis et iste. Rerum blanditiis aspernatur quia aperiam voluptas illo libero. Doloremque rerum debitis autem corporis.', 369, 3, 18, '2019-04-17 01:18:58', '2019-04-17 01:18:58'),
(18, 'nisi', 'Accusamus temporibus consequuntur ea. Placeat ut nemo dolorum quia. Aliquam est libero pariatur ipsa velit amet.', 159, 3, 19, '2019-04-17 01:18:58', '2019-04-17 01:18:58'),
(19, 'quod', 'Aut voluptatibus dolorem perspiciatis est. Quis ea reprehenderit expedita sit aut. Dignissimos expedita laudantium repellendus quo similique consequatur.', 289, 4, 27, '2019-04-17 01:18:58', '2019-04-17 01:18:58'),
(20, 'architecto', 'Explicabo molestiae modi assumenda aliquam eaque dolor nam. Praesentium molestiae amet quaerat in. Cumque aspernatur in minus nesciunt in. In cum maiores ut magni velit.', 212, 1, 18, '2019-04-17 01:18:58', '2019-04-17 01:18:58'),
(21, 'perspiciatis', 'Nostrum quisquam non nostrum hic sed veritatis autem. Delectus et veniam quis ab voluptatem fugiat.', 299, 6, 3, '2019-04-17 01:18:58', '2019-04-17 01:18:58'),
(22, 'ut', 'Eaque repellendus id aut voluptatem aspernatur. Dolorem molestiae numquam est. Maiores est sed provident id.', 467, 5, 28, '2019-04-17 01:18:58', '2019-04-17 01:18:58'),
(23, 'libero', 'Dolores et consequatur laboriosam ex. Sunt ipsam quos voluptas maxime. Dolore enim facere qui animi aliquid delectus quos veritatis.', 741, 4, 29, '2019-04-17 01:18:58', '2019-04-17 01:18:58'),
(24, 'omnis', 'Totam a eum et tenetur quia quos. Corporis unde maxime ipsa nemo totam. Iusto autem sunt fugiat cum.', 801, 4, 22, '2019-04-17 01:18:58', '2019-04-17 01:18:58'),
(25, 'ut', 'Facere corrupti debitis necessitatibus. Reiciendis rerum vel voluptatibus libero. Suscipit incidunt recusandae animi aut quo veritatis.', 445, 1, 12, '2019-04-17 01:18:58', '2019-04-17 01:18:58'),
(26, 'non', 'In eveniet et illum ut. Ut atque deleniti fugiat maiores facilis voluptatem quod sapiente. Iure sint sit optio perferendis veniam. Doloribus ut non adipisci eius.', 975, 8, 16, '2019-04-17 01:18:58', '2019-04-17 01:18:58'),
(27, 'labore', 'Quae et soluta et voluptates. Qui velit et vitae consequatur nihil qui aspernatur voluptatibus. Beatae eaque corrupti inventore eligendi dolore.', 498, 1, 19, '2019-04-17 01:18:58', '2019-04-17 01:18:58'),
(28, 'tempore', 'Fuga perspiciatis non temporibus possimus et. Quaerat voluptas omnis eius incidunt ex saepe. Deleniti dolore dolorem quam dolorem.', 537, 3, 19, '2019-04-17 01:18:58', '2019-04-17 01:18:58'),
(29, 'et', 'Ea reiciendis vitae sit beatae quidem tenetur. Velit maxime quia numquam corporis. Qui voluptate non porro suscipit vitae earum.', 735, 1, 24, '2019-04-17 01:18:58', '2019-04-17 01:18:58'),
(30, 'odit', 'Nobis quas magnam qui sunt. Eveniet laboriosam quia iste.', 689, 8, 25, '2019-04-17 01:18:58', '2019-04-17 01:18:58'),
(31, 'veritatis', 'Eos itaque sunt hic et. Sapiente eum voluptatem minus placeat aut ut nesciunt rem. Rerum natus rem voluptas magni aliquid ad necessitatibus earum.', 472, 6, 21, '2019-04-17 01:18:58', '2019-04-17 01:18:58'),
(32, 'nisi', 'Labore doloribus sint vel amet excepturi omnis ullam suscipit. Incidunt dicta id quo consequatur ullam. Aut ut commodi voluptate et cum et. Incidunt autem illo quibusdam quae ad et.', 528, 1, 8, '2019-04-17 01:18:58', '2019-04-17 01:18:58'),
(33, 'culpa', 'Magni omnis omnis eaque praesentium consequatur maiores laborum. Adipisci et aliquid tenetur. Nostrum explicabo reprehenderit expedita voluptatem. Earum ratione non adipisci natus expedita nihil culpa omnis.', 552, 0, 8, '2019-04-17 01:18:58', '2019-04-17 01:18:58'),
(34, 'molestias', 'Omnis quo sapiente molestiae autem officiis vitae rerum. Aut reiciendis pariatur ratione inventore eius. Voluptatem voluptatum eos non eius. Aut ipsam ut iure.', 237, 9, 11, '2019-04-17 01:18:58', '2019-04-17 01:18:58'),
(35, 'perspiciatis', 'Expedita quaerat assumenda delectus porro non et architecto. Corporis rem nam sapiente asperiores assumenda asperiores aliquam. Non unde et magni et quo quidem quia.', 646, 0, 7, '2019-04-17 01:18:58', '2019-04-17 01:18:58'),
(36, 'qui', 'Dolorum sunt quaerat aperiam dolor. Ut laudantium aperiam labore et modi repellat. Consequuntur consequatur excepturi vitae et recusandae ipsum. Veritatis dicta laudantium et omnis quos.', 569, 3, 5, '2019-04-17 01:18:58', '2019-04-17 01:18:58'),
(37, 'ducimus', 'Cumque non officia et dolor ut unde aut. Omnis sit ipsa omnis distinctio. Qui eum ea exercitationem tenetur et dolor perferendis.', 154, 2, 10, '2019-04-17 01:18:58', '2019-04-17 01:18:58'),
(38, 'nulla', 'Voluptatem aut quibusdam voluptatem placeat ut. Tempore deserunt non quod ex. Corrupti aperiam quae voluptatem et. Quidem fuga dolore et magnam qui. Necessitatibus autem ipsa laborum.', 575, 0, 10, '2019-04-17 01:18:58', '2019-04-17 01:18:58'),
(39, 'aut', 'Neque odit ex sequi. Cumque ut ea porro sapiente quia omnis. Aut blanditiis quia tempore possimus consequatur aut maiores. Consequatur vel in consequuntur nam.', 792, 7, 17, '2019-04-17 01:18:58', '2019-04-17 01:18:58'),
(40, 'error', 'Ipsa iusto dolore ut non consectetur et. Ut sint et et asperiores. Excepturi et culpa dolor recusandae ut. Ut placeat quaerat libero.', 131, 4, 20, '2019-04-17 01:18:58', '2019-04-17 01:18:58'),
(41, 'laborum', 'Eum reprehenderit expedita magni amet. Nam aut exercitationem rerum atque nam. Tempore eligendi modi aut nesciunt sit voluptatem praesentium. Aut nostrum inventore neque unde.', 447, 3, 7, '2019-04-17 01:18:58', '2019-04-17 01:18:58'),
(42, 'natus', 'Quia reprehenderit ipsum praesentium quae voluptas nostrum. Voluptatem quia consequatur eius voluptatem aliquid distinctio. Quia voluptas magnam rerum laborum voluptates. Id quasi molestias distinctio quia et vero.', 804, 8, 22, '2019-04-17 01:18:58', '2019-04-17 01:18:58'),
(43, 'nobis', 'Et esse dignissimos nisi. Sit nostrum sed sit aperiam. Quas rerum facere deserunt.', 916, 1, 2, '2019-04-17 01:18:58', '2019-04-17 01:18:58'),
(44, 'voluptate', 'Quia distinctio pariatur inventore harum quisquam. Sunt sit magni quidem laboriosam. Aspernatur veniam cumque consequatur voluptas dicta dolorem sit. Et voluptatem cum blanditiis quisquam.', 458, 1, 5, '2019-04-17 01:18:58', '2019-04-17 01:18:58'),
(45, 'dignissimos', 'Rerum autem tempore officia nam et. Architecto consequuntur tempore aspernatur labore consequatur. Perspiciatis est rerum quisquam et temporibus. Enim odit illum velit facilis vel.', 858, 2, 2, '2019-04-17 01:18:58', '2019-04-17 01:18:58'),
(46, 'blanditiis', 'Praesentium adipisci enim fugiat consequatur ipsum ut reprehenderit. Quas aut cupiditate rerum expedita. Ducimus excepturi asperiores molestias veritatis. Minus impedit sunt sunt molestiae reprehenderit.', 454, 8, 23, '2019-04-17 01:18:58', '2019-04-17 01:18:58'),
(47, 'voluptatem', 'Impedit et quam ut quibusdam quod. Accusamus eum qui et corrupti distinctio ex. Harum sit ea alias molestiae minima et omnis.', 323, 4, 20, '2019-04-17 01:18:58', '2019-04-17 01:18:58'),
(48, 'tempore', 'Non sit cumque asperiores nam perferendis quia. Sequi est eligendi rerum incidunt voluptatem. Debitis est sunt quo hic consequatur.', 406, 7, 3, '2019-04-17 01:18:58', '2019-04-17 01:18:58'),
(49, 'sed', 'Nihil ipsa quibusdam repellendus aut nulla eos culpa. Maiores id modi est voluptas omnis veritatis id. Fugit consequatur molestias molestiae ullam recusandae doloribus eveniet blanditiis.', 249, 7, 21, '2019-04-17 01:18:58', '2019-04-17 01:18:58'),
(50, 'itaque', 'Fugiat ipsa velit id aut fugit veniam. Itaque ex sint consectetur ratione dignissimos qui. Ut laboriosam consequatur fugiat veniam et.', 957, 5, 28, '2019-04-17 01:18:58', '2019-04-17 01:18:58'),
(51, 'quibusdam', 'Unde quos qui alias rem expedita nesciunt in. Temporibus sequi consequuntur architecto eum rerum commodi quis commodi. Ratione et vel adipisci. Odit accusamus voluptatibus ratione dolorem sunt ut. Quia eum sed voluptatibus ullam perspiciatis aut neque.', 183, 7, 11, '2019-04-17 01:19:23', '2019-04-17 01:19:23'),
(52, 'quis', 'Ut sit id exercitationem harum ut iste. Vitae officia quis inventore excepturi corporis. Iusto consequatur ipsa error.', 426, 8, 19, '2019-04-17 01:19:23', '2019-04-17 01:19:23'),
(53, 'magnam', 'Ut porro beatae quidem. Amet autem dolorem libero numquam nam quasi. Maxime dolores dolore voluptatem rerum non iure id fuga. Ipsum qui ratione dicta incidunt atque debitis quibusdam.', 104, 6, 4, '2019-04-17 01:19:23', '2019-04-17 01:19:23'),
(54, 'vitae', 'Maxime impedit veniam non est commodi vero et. Ut recusandae et iure animi aliquam iste. Unde accusamus molestiae dignissimos modi.', 646, 1, 22, '2019-04-17 01:19:23', '2019-04-17 01:19:23'),
(55, 'autem', 'Rem vel excepturi et facilis reiciendis quas reiciendis. Sequi facere eius laudantium deleniti et. Nihil et et amet at. Dolor laborum dignissimos sapiente molestias numquam sed.', 810, 1, 10, '2019-04-17 01:19:23', '2019-04-17 01:19:23'),
(56, 'consequatur', 'Saepe at iure dolorum qui voluptas perferendis quia. Incidunt qui quasi voluptas non quia quia ut provident. Aliquid est autem voluptatem doloribus. Ipsam beatae beatae ut perferendis commodi. Voluptate corrupti ut ipsum aliquid doloremque inventore ducimus.', 546, 9, 5, '2019-04-17 01:19:23', '2019-04-17 01:19:23'),
(57, 'voluptatem', 'Harum eaque dolores dignissimos corrupti vero. Repudiandae dicta nulla ipsa aut saepe. Reiciendis voluptates facere explicabo aut velit rem esse ea. Ea esse at autem.', 194, 1, 13, '2019-04-17 01:19:23', '2019-04-17 01:19:23'),
(58, 'enim', 'Sunt dolorum et fugiat sit. Ea ducimus qui nihil deleniti temporibus nisi.', 602, 6, 16, '2019-04-17 01:19:23', '2019-04-17 01:19:23'),
(59, 'ipsum', 'Tempora mollitia voluptas magnam fugiat quisquam. Officia totam ut sit fugiat quaerat qui. Autem mollitia voluptatem in aut molestiae pariatur. Voluptatem aliquid ea ut pariatur ex et.', 736, 7, 20, '2019-04-17 01:19:23', '2019-04-17 01:19:23'),
(60, 'optio', 'Fuga consequatur neque ipsum et aspernatur nostrum qui. Id optio soluta sequi deleniti. Aperiam qui consequatur odio minima laboriosam rerum.', 242, 6, 3, '2019-04-17 01:19:23', '2019-04-17 01:19:23'),
(61, 'eos', 'Non rerum velit et quam nulla soluta aperiam. Et similique ut vel hic.', 847, 2, 19, '2019-04-17 01:19:23', '2019-04-17 01:19:23'),
(62, 'sapiente', 'Facere et et explicabo veniam vitae tempore et. Fugiat illo incidunt omnis libero sed omnis error. Adipisci facere aut eum nobis sit dolore praesentium perferendis.', 512, 0, 27, '2019-04-17 01:19:23', '2019-04-17 01:19:23'),
(63, 'esse', 'Eaque dolor dolorem cum aut. Sed aut dolorum eligendi libero. Ea ut qui repellendus cumque.', 929, 2, 5, '2019-04-17 01:19:23', '2019-04-17 01:19:23'),
(64, 'ut', 'Suscipit iste accusantium eum non corporis. Quasi autem maiores explicabo quos ex. Quae fugit perferendis deleniti. Voluptatem omnis amet dolorem sed aut.', 741, 4, 4, '2019-04-17 01:19:23', '2019-04-17 01:19:23'),
(65, 'porro', 'Beatae beatae placeat aliquid velit facilis quia. Suscipit quia minus consequuntur ipsa tempore. Quis sint nam tempore possimus. Veniam sed aperiam quia voluptatem illo.', 823, 4, 24, '2019-04-17 01:19:23', '2019-04-17 01:19:23'),
(66, 'hic', 'Cupiditate non sit est qui qui pariatur. Voluptate iste fuga voluptatem tenetur dolores sequi perferendis. Quia fugit impedit fugit dolores porro possimus modi.', 397, 1, 12, '2019-04-17 01:19:23', '2019-04-17 01:19:23'),
(67, 'natus', 'Mollitia molestiae sed facere distinctio iure qui cupiditate. Ut blanditiis ea aspernatur officiis ratione quaerat. Error odit reiciendis eos et.', 904, 3, 30, '2019-04-17 01:19:23', '2019-04-17 01:19:23'),
(68, 'ex', 'Fugiat quos excepturi dolores neque similique dolore in. Labore qui dignissimos dignissimos natus. Ut consequatur non ratione. Rerum omnis incidunt libero velit voluptatem et. Quod impedit dolores et libero.', 424, 8, 14, '2019-04-17 01:19:23', '2019-04-17 01:19:23'),
(69, 'molestias', 'Illo ut ea exercitationem sint eveniet. Cupiditate et ut officiis consequatur tenetur. Praesentium autem veritatis commodi a. Quia ullam blanditiis id perferendis reprehenderit nam.', 144, 9, 2, '2019-04-17 01:19:23', '2019-04-17 01:19:23'),
(70, 'quia', 'Deserunt minima et nihil et quasi nisi. Dolorem est illo voluptatem amet deleniti. Totam in pariatur inventore quo qui dolorem qui saepe. Dolorem odit rem sequi dignissimos accusantium tempore quos.', 726, 2, 3, '2019-04-17 01:19:23', '2019-04-17 01:19:23'),
(71, 'est', 'Quae praesentium ipsa magni assumenda aut reiciendis nostrum. Et et quis nisi esse rem vitae magni ipsam. Quo voluptas velit incidunt quia quas. Magni non harum veniam praesentium dolorem non.', 864, 0, 19, '2019-04-17 01:19:23', '2019-04-17 01:19:23'),
(72, 'corporis', 'Optio suscipit veniam saepe cumque distinctio atque dolore. Quo veniam sunt cumque sunt. Dolore ut tempore itaque facilis.', 180, 6, 24, '2019-04-17 01:19:23', '2019-04-17 01:19:23'),
(73, 'necessitatibus', 'Fuga fugit earum nostrum est neque assumenda. Sed quis occaecati dolor quia ipsa iure aut laudantium. Et molestias aperiam possimus enim nostrum ut. Aut asperiores animi voluptate officiis ut. Libero est incidunt quas est rerum quam.', 335, 3, 9, '2019-04-17 01:19:23', '2019-04-17 01:19:23'),
(74, 'voluptatum', 'Et et sunt accusamus ut et possimus. Quod maxime illum qui earum pariatur recusandae nihil.', 658, 1, 24, '2019-04-17 01:19:23', '2019-04-17 01:19:23'),
(75, 'quas', 'Mollitia non illum voluptate voluptates veritatis ex. Sunt beatae ut voluptatem architecto exercitationem consequatur numquam. Corrupti dolor quaerat quo aut voluptatem illum sequi. Veniam hic sunt labore sequi velit qui quo voluptatem.', 832, 9, 8, '2019-04-17 01:19:23', '2019-04-17 01:19:23'),
(76, 'temporibus', 'Quam praesentium omnis cupiditate non sequi consequatur id dignissimos. Blanditiis aut distinctio corrupti et quisquam quia. Dolorem non ratione qui ut ad.', 754, 5, 11, '2019-04-17 01:19:23', '2019-04-17 01:19:23'),
(77, 'qui', 'Quia expedita rerum optio blanditiis earum. Quae recusandae aut natus dolorem explicabo. Rerum itaque voluptates cum voluptatum aliquid aut temporibus reprehenderit. Vel voluptatum sunt ipsum blanditiis.', 711, 7, 27, '2019-04-17 01:19:23', '2019-04-17 01:19:23'),
(78, 'necessitatibus', 'Maiores sequi fugiat expedita architecto sed deserunt ipsam dicta. Quis dignissimos debitis quos reiciendis et recusandae. Culpa sit aut tempore ut placeat vero vel. Et iusto labore magnam numquam porro.', 781, 9, 14, '2019-04-17 01:19:23', '2019-04-17 01:19:23'),
(79, 'autem', 'Vitae quasi vitae possimus molestiae ea ad. Natus consectetur a accusamus. Dolorem dolorum dolorum deserunt earum asperiores quod quos. Repellendus facilis quidem velit blanditiis assumenda commodi aut explicabo.', 735, 3, 27, '2019-04-17 01:19:23', '2019-04-17 01:19:23'),
(80, 'beatae', 'Qui molestias dolor qui suscipit quibusdam eligendi. Ut accusantium qui suscipit perspiciatis. Voluptatem voluptas accusantium sapiente sunt dolores. Voluptatum sit sint dolor consequuntur rerum est enim.', 223, 1, 13, '2019-04-17 01:19:23', '2019-04-17 01:19:23'),
(81, 'officia', 'Sint placeat hic mollitia aperiam aut velit voluptas. Qui deleniti voluptatem et asperiores facere quia dignissimos. Aut dolor consequatur et vero earum et.', 471, 2, 29, '2019-04-17 01:19:23', '2019-04-17 01:19:23'),
(82, 'eius', 'Blanditiis magnam qui nesciunt voluptas harum illo. Non sint consequatur qui voluptates cum. Molestias sed deserunt nam animi.', 432, 6, 11, '2019-04-17 01:19:23', '2019-04-17 01:19:23'),
(83, 'quaerat', 'Qui reiciendis magni laudantium et sit porro. Qui voluptatum omnis sed sit et quo quasi similique. Est occaecati tempore molestiae numquam suscipit.', 293, 1, 10, '2019-04-17 01:19:23', '2019-04-17 01:19:23'),
(84, 'deserunt', 'Dolores aliquam illum accusamus est nulla. Exercitationem distinctio officiis ratione aspernatur deleniti dolor dolores. Nostrum illo at eum perspiciatis sequi distinctio ullam. Consectetur quia ut minima autem suscipit aperiam eveniet. Dolores dolor et mollitia est deleniti earum.', 204, 9, 16, '2019-04-17 01:19:23', '2019-04-17 01:19:23'),
(85, 'est', 'Culpa repudiandae sed molestiae quibusdam repellat. Et est quis qui sint. Excepturi reiciendis non ut architecto officia nobis non.', 789, 5, 6, '2019-04-17 01:19:23', '2019-04-17 01:19:23'),
(86, 'qui', 'Vel et molestiae enim a sit mollitia accusantium qui. Et consequatur pariatur natus deserunt quisquam nam. Dolore incidunt nostrum velit eveniet aut quia est. Qui beatae provident a dolore unde est molestiae.', 740, 7, 24, '2019-04-17 01:19:23', '2019-04-17 01:19:23'),
(87, 'nobis', 'Vel doloremque quibusdam nihil rerum. Illum nostrum quia sapiente quae aliquid aliquam et numquam. Voluptatem inventore porro amet neque. Natus minima voluptatem veniam voluptatem nihil.', 471, 8, 5, '2019-04-17 01:19:23', '2019-04-17 01:19:23'),
(88, 'qui', 'Officia dolorem vel modi rerum doloremque labore. Hic nihil ducimus asperiores laborum qui facere exercitationem tenetur. Consequatur soluta qui quasi laborum.', 282, 2, 16, '2019-04-17 01:19:23', '2019-04-17 01:19:23'),
(89, 'occaecati', 'Eius est veritatis et aut iste non excepturi. Quibusdam est ratione beatae aliquid quo totam. Nihil delectus ipsum dolorem non qui.', 915, 7, 12, '2019-04-17 01:19:23', '2019-04-17 01:19:23'),
(90, 'praesentium', 'Eaque repellendus tenetur aspernatur. Quo natus velit iusto. Laudantium qui et minima iusto et et laborum. Ut consectetur dolores nulla voluptatem eius architecto. Amet facilis voluptate incidunt facilis.', 577, 3, 21, '2019-04-17 01:19:23', '2019-04-17 01:19:23'),
(91, 'expedita', 'Beatae qui et possimus ipsam quam. Est quia perferendis vitae eos. Ab similique modi alias tempora nemo quia cupiditate quos. Et perspiciatis atque quia rem.', 537, 6, 9, '2019-04-17 01:19:23', '2019-04-17 01:19:23'),
(92, 'exercitationem', 'Ut minima ea a et animi qui. Autem harum eaque minus voluptas eaque sit aliquid. Vitae voluptatem quasi et necessitatibus illo in eaque enim. Qui corrupti ullam tempore vel qui deleniti.', 910, 1, 17, '2019-04-17 01:19:23', '2019-04-17 01:19:23'),
(93, 'et', 'Nemo est quia voluptatem accusantium velit maiores iure. Dolore eos vitae sunt aut ut. Sit ratione voluptate eum est voluptatibus laudantium labore itaque.', 998, 6, 22, '2019-04-17 01:19:23', '2019-04-17 01:19:23'),
(94, 'sapiente', 'Enim aut ipsam eligendi praesentium. Aspernatur voluptates rerum nesciunt vel provident. Possimus iure quaerat libero et.', 284, 3, 16, '2019-04-17 01:19:23', '2019-04-17 01:19:23'),
(95, 'cupiditate', 'Iste cupiditate labore quis ipsum placeat voluptatem. Fuga qui eius vero quia facere. Earum sed non quos odit iure asperiores et. Omnis consequatur pariatur et officia.', 952, 5, 12, '2019-04-17 01:19:23', '2019-04-17 01:19:23'),
(96, 'dolorem', 'Reprehenderit aliquid culpa voluptatem tempora animi. Est ea vel quidem qui cumque sequi itaque delectus.', 843, 5, 23, '2019-04-17 01:19:23', '2019-04-17 01:19:23'),
(97, 'eum', 'Voluptatem aliquam excepturi voluptatem distinctio voluptas dolor explicabo voluptatem. Modi cumque magni iusto inventore eos et quae ut. Vel rem porro est similique. Voluptas cum ut quaerat eveniet porro modi non aspernatur. Facilis voluptatem perspiciatis repellat mollitia nihil.', 795, 5, 4, '2019-04-17 01:19:23', '2019-04-17 01:19:23'),
(98, 'nam', 'Voluptatem error commodi aut dolorum labore qui voluptas. Aspernatur non veniam alias suscipit.', 237, 2, 21, '2019-04-17 01:19:23', '2019-04-17 01:19:23'),
(99, 'dolor', 'Omnis deserunt est autem voluptas aspernatur. Quis molestiae tempora eum nobis. Tenetur earum qui ad consequuntur quam expedita libero.', 161, 2, 19, '2019-04-17 01:19:23', '2019-04-17 01:19:23'),
(100, 'consequatur', 'Veniam quasi sunt rem animi sit illo. Quis expedita sit quas. Natus ab magni qui qui voluptatem quibusdam omnis. Aut voluptas harum vel et laborum et.', 236, 6, 22, '2019-04-17 01:19:23', '2019-04-17 01:19:23');

-- --------------------------------------------------------

--
-- Table structure for table `reviews`
--

CREATE TABLE `reviews` (
  `id` bigint(20) UNSIGNED NOT NULL,
  `product_id` int(10) UNSIGNED NOT NULL,
  `customer` varchar(255) COLLATE utf8mb4_unicode_ci NOT NULL,
  `review` text COLLATE utf8mb4_unicode_ci NOT NULL,
  `star` int(11) NOT NULL,
  `created_at` timestamp NULL DEFAULT NULL,
  `updated_at` timestamp NULL DEFAULT NULL
) ENGINE=InnoDB DEFAULT CHARSET=utf8mb4 COLLATE=utf8mb4_unicode_ci;

--
-- Dumping data for table `reviews`
--

INSERT INTO `reviews` (`id`, `product_id`, `customer`, `review`, `star`, `created_at`, `updated_at`) VALUES
(1, 21, 'Bessie Runolfsdottir', 'Dolore aut ullam modi nobis. Quia tenetur omnis dolor fugiat. Molestias et iusto dolores eveniet consequatur architecto. Quibusdam non minus enim occaecati cum. Deserunt omnis quaerat ipsa odio magnam cum accusamus aut.', 3, '2019-04-17 01:19:24', '2019-04-17 01:19:24'),
(2, 50, 'Adell Carter', 'Quia ut earum eligendi aut. Voluptatem quia cumque et corrupti minima ipsam. Non neque iusto omnis libero.', 0, '2019-04-17 01:19:24', '2019-04-17 01:19:24'),
(3, 92, 'Ted Quigley III', 'Est magnam voluptates ipsum quibusdam quibusdam aliquid. Deserunt et culpa corporis. Odio qui ipsam aspernatur voluptate. Quasi ex esse non enim id.', 4, '2019-04-17 01:19:24', '2019-04-17 01:19:24'),
(4, 75, 'Alba Kub', 'Mollitia pariatur soluta est dolor ratione et. Nisi doloremque est qui non. Distinctio aut et officiis possimus aliquid omnis vitae sunt.', 1, '2019-04-17 01:19:24', '2019-04-17 01:19:24'),
(5, 81, 'Agnes Johns', 'Illo rerum itaque quaerat ullam rerum. Assumenda molestias sit laboriosam iure. Eius cum corrupti earum eligendi nam dolore. At voluptates reprehenderit officia accusantium. Et consequatur repellat non officia pariatur.', 4, '2019-04-17 01:19:24', '2019-04-17 01:19:24'),
(6, 70, 'Miss Georgianna Dickens Jr.', 'Iusto placeat ex vel laborum eos non aut. Minima et iure ab quos aut iste. Natus neque commodi laboriosam aut quia dignissimos sequi dolores. Quis neque aut tempora consectetur sapiente facere. Qui repellat esse nihil tenetur adipisci maxime aut.', 1, '2019-04-17 01:19:24', '2019-04-17 01:19:24'),
(7, 24, 'Elody Reichert', 'Necessitatibus non dicta a hic quo ut hic vel. Culpa et officia eum eos.', 0, '2019-04-17 01:19:24', '2019-04-17 01:19:24'),
(8, 20, 'Queenie Kunze', 'Autem saepe voluptatem illo reiciendis. Voluptas ullam velit eaque asperiores quia.', 2, '2019-04-17 01:19:24', '2019-04-17 01:19:24'),
(9, 9, 'Colton Lebsack', 'Omnis dolore animi cum eveniet. Blanditiis rerum doloribus quia autem magnam. Ipsa quia vero non consequuntur nisi omnis.', 3, '2019-04-17 01:19:24', '2019-04-17 01:19:24'),
(10, 68, 'Karine Weissnat', 'Et non adipisci dolores ab molestias delectus quidem. Qui accusantium mollitia voluptatem magnam modi quisquam odio. Numquam vel quae dolores quis inventore iusto dignissimos cumque. Sed quis itaque expedita sunt eos dolor soluta rem.', 4, '2019-04-17 01:19:24', '2019-04-17 01:19:24'),
(11, 80, 'Kane Konopelski', 'Atque deserunt voluptas illum mollitia laboriosam culpa accusantium repudiandae. Perspiciatis delectus reprehenderit ut beatae cupiditate veritatis. Iste error iure nisi sed.', 4, '2019-04-17 01:19:24', '2019-04-17 01:19:24'),
(12, 43, 'Jaquelin Weimann', 'Rem placeat velit voluptatem. Non quo aliquid inventore minus repellat ut similique a. Animi quaerat ut qui deserunt sit aut.', 2, '2019-04-17 01:19:24', '2019-04-17 01:19:24'),
(13, 90, 'Willis Rice', 'Autem ea veritatis omnis. Aut omnis eius id molestiae eum adipisci aut velit. Quia quo aut dolor enim. Voluptas autem qui eos nihil voluptas dolorum.', 2, '2019-04-17 01:19:24', '2019-04-17 01:19:24'),
(14, 38, 'Muriel Jaskolski V', 'Asperiores maiores tenetur eius. Natus ea voluptate doloremque quis cupiditate.', 0, '2019-04-17 01:19:24', '2019-04-17 01:19:24'),
(15, 60, 'Beatrice Beer MD', 'Repellendus illum ut non et ad. Vel veniam eos animi rerum architecto quos. Quisquam tempore rerum aliquid rem.', 2, '2019-04-17 01:19:24', '2019-04-17 01:19:24'),
(16, 48, 'Juvenal Prosacco', 'Ex consequatur incidunt veritatis doloremque velit. Odit maiores eum fugiat et. Eum beatae voluptatum mollitia animi ipsa occaecati.', 3, '2019-04-17 01:19:24', '2019-04-17 01:19:24'),
(17, 65, 'Dr. Elwyn Mills IV', 'Reprehenderit tempora excepturi commodi est. Quidem sint quis tempora suscipit laboriosam. Cum odit quo eveniet aut quia possimus odio. At quis itaque temporibus.', 5, '2019-04-17 01:19:24', '2019-04-17 01:19:24'),
(18, 62, 'Ferne Hansen', 'Sint aut ea dolore dignissimos quo ex. Id illo omnis a molestiae rerum voluptate nesciunt. Dignissimos nihil dignissimos in est. Et molestiae expedita eius.', 1, '2019-04-17 01:19:24', '2019-04-17 01:19:24'),
(19, 51, 'Julio Gleichner', 'Excepturi laboriosam voluptatem inventore magnam ducimus aut cupiditate. Consequatur voluptas et sint vitae perferendis ipsa repudiandae inventore. Dolorem magni sed explicabo quas omnis delectus unde.', 4, '2019-04-17 01:19:24', '2019-04-17 01:19:24'),
(20, 30, 'Hildegard Mueller', 'Et ut eos provident officiis dolorem commodi similique. Voluptas debitis corporis quidem ratione dolore tenetur sequi. Minus assumenda aut at libero. Dolorum ut non magnam est consequuntur exercitationem aperiam voluptatem.', 0, '2019-04-17 01:19:24', '2019-04-17 01:19:24'),
(21, 57, 'Jaime Huels', 'Autem totam id molestiae corporis. Et et repellendus dolorem veritatis ad. Laborum id numquam occaecati quos provident nobis perspiciatis. Laborum minima officiis doloremque aut qui.', 4, '2019-04-17 01:19:24', '2019-04-17 01:19:24'),
(22, 53, 'Casey O\'Reilly', 'Voluptates eum illum nihil et rerum voluptates quo. Voluptate et harum ut beatae. Quos rem nihil aperiam consequatur vel inventore velit. Aliquam praesentium amet rerum.', 0, '2019-04-17 01:19:24', '2019-04-17 01:19:24'),
(23, 49, 'Miss Effie Kub', 'Corporis dignissimos unde rem nostrum eum aut. Sed quis eveniet quod molestias unde ut veniam fugiat. Quia voluptatum ut est sed odio dolores expedita molestiae.', 5, '2019-04-17 01:19:24', '2019-04-17 01:19:24'),
(24, 38, 'Dr. Jalyn Frami', 'Et officiis est eos aut dignissimos voluptatibus ipsa. Error nihil id qui optio delectus rerum expedita unde. Excepturi vitae ut tenetur nostrum amet libero. Optio hic aut quis saepe.', 5, '2019-04-17 01:19:24', '2019-04-17 01:19:24'),
(25, 22, 'Dr. Herman Swaniawski', 'Vel quas unde quia voluptatibus doloribus earum est laudantium. Repellat quas quia ullam animi et at. Culpa eligendi occaecati laudantium atque quasi quia.', 5, '2019-04-17 01:19:24', '2019-04-17 01:19:24'),
(26, 72, 'Kenton Kling', 'Dolorem aspernatur ab labore qui. A est iusto eum iure dolores. Excepturi omnis consequatur dolorem ducimus sunt ut. Tempore modi quia corporis porro consequuntur nihil error.', 0, '2019-04-17 01:19:24', '2019-04-17 01:19:24'),
(27, 80, 'Timothy Schroeder', 'Aut minus saepe ut ab quo. Qui est ut distinctio laboriosam molestias nihil consequatur. Mollitia dolore eveniet vero cumque. Voluptatum qui inventore nam.', 2, '2019-04-17 01:19:24', '2019-04-17 01:19:24'),
(28, 22, 'Dr. Lorenza Auer', 'Eveniet quia dolor consequatur qui quia. Ex maxime voluptate officiis rerum dolores placeat excepturi. Qui voluptatibus nihil nostrum laborum dicta nemo. Voluptas molestiae sequi distinctio omnis suscipit rem et vitae.', 1, '2019-04-17 01:19:24', '2019-04-17 01:19:24'),
(29, 87, 'Miss Nikita Okuneva', 'Nihil voluptas eum corporis nulla aut. Maiores accusamus atque reiciendis mollitia laborum est.', 5, '2019-04-17 01:19:24', '2019-04-17 01:19:24'),
(30, 97, 'Odie Sipes', 'Nemo voluptatem odio minus ea. Voluptas quisquam tempore qui quis totam. Unde dignissimos est ipsa qui aut sapiente quaerat. Voluptatum accusamus voluptatem in qui voluptatem. Non voluptatem ut libero iusto.', 0, '2019-04-17 01:19:24', '2019-04-17 01:19:24'),
(31, 32, 'Chelsey Schiller II', 'Ratione aliquid laboriosam non debitis culpa reiciendis et amet. Earum molestiae ab eos. Dolore non ad vitae tempore facere voluptates.', 5, '2019-04-17 01:19:24', '2019-04-17 01:19:24'),
(32, 53, 'Marvin Kiehn III', 'Voluptatem rerum est aliquid rem suscipit. Asperiores id dicta vitae culpa voluptas. Qui quos et autem ratione.', 1, '2019-04-17 01:19:24', '2019-04-17 01:19:24'),
(33, 66, 'Mr. Humberto Williamson', 'Molestias illo sit non corporis. Eum dolores fugiat vero reprehenderit atque minus laboriosam quisquam. Quia iste sed deleniti. Soluta fugit voluptatem doloremque laborum qui quidem nobis.', 3, '2019-04-17 01:19:24', '2019-04-17 01:19:24'),
(34, 41, 'Ford Braun IV', 'Aut voluptas et a recusandae minima. Enim qui doloremque non et ea.', 2, '2019-04-17 01:19:24', '2019-04-17 01:19:24'),
(35, 37, 'Jabari Kuhic', 'Ut repellendus in ut asperiores vero accusamus rem. Corrupti et optio reiciendis eligendi aut id qui. Dolores nesciunt similique dignissimos officia ut ut molestiae. Eos id enim ducimus omnis et.', 2, '2019-04-17 01:19:24', '2019-04-17 01:19:24'),
(36, 56, 'Jacey Hand Jr.', 'Et nisi autem reiciendis atque aut. Perspiciatis consectetur placeat molestiae doloremque. Sit rerum nobis placeat et.', 3, '2019-04-17 01:19:24', '2019-04-17 01:19:24'),
(37, 98, 'Jacinthe Bednar', 'Omnis et maiores consectetur aliquam et aperiam ratione. Debitis et quos temporibus sint dicta. Quis est qui reiciendis voluptas. Hic id et cupiditate quia.', 2, '2019-04-17 01:19:24', '2019-04-17 01:19:24'),
(38, 39, 'Prof. Karli D\'Amore', 'Iste maiores sunt perferendis quia at alias. Qui asperiores hic nam ea quae. Et enim cupiditate dolor quas sed nam distinctio numquam.', 5, '2019-04-17 01:19:24', '2019-04-17 01:19:24'),
(39, 89, 'Arnold Daugherty', 'Consequuntur ab impedit maxime quam. Excepturi ab aut repudiandae temporibus aut non id. Fugit officia et in voluptatem repellat occaecati est. Pariatur libero voluptatem sequi vel et non.', 1, '2019-04-17 01:19:24', '2019-04-17 01:19:24'),
(40, 73, 'Jaycee Murray', 'Repudiandae alias et autem voluptatem commodi laborum. Aut ducimus esse aut tempora consectetur et eligendi. Excepturi assumenda facilis voluptatibus nisi.', 5, '2019-04-17 01:19:24', '2019-04-17 01:19:24'),
(41, 43, 'Mr. Clement Frami', 'Rerum minus minima ut. Dolores doloribus eum nihil ut distinctio dolores autem. Perferendis sint sequi est sed blanditiis dolores. Optio est consequatur culpa nulla velit. Iste ipsam earum earum sunt explicabo quis laborum eligendi.', 0, '2019-04-17 01:19:24', '2019-04-17 01:19:24'),
(42, 84, 'Tyrel Mraz', 'Temporibus quia iste illo qui et. Porro in perferendis dolor natus odio. Est ut officiis deleniti debitis. Deserunt aliquam ullam quo labore numquam libero.', 5, '2019-04-17 01:19:24', '2019-04-17 01:19:24'),
(43, 62, 'Nathanael Huels', 'Ut ea et laudantium dicta dolores. Omnis sint repudiandae nulla minima repellendus nostrum a. Qui commodi voluptas molestiae iure eos.', 1, '2019-04-17 01:19:24', '2019-04-17 01:19:24'),
(44, 57, 'Clara Senger V', 'Nam nam beatae ab ut quibusdam. Ipsa dolore eos saepe reiciendis velit deleniti et corrupti. Delectus in similique et sit voluptates et itaque suscipit.', 1, '2019-04-17 01:19:24', '2019-04-17 01:19:24'),
(45, 89, 'Rosalee Walter IV', 'Optio dignissimos aspernatur omnis recusandae harum. Repudiandae ipsam quo perspiciatis repellendus quam. Alias dolores est occaecati ipsum odit.', 1, '2019-04-17 01:19:24', '2019-04-17 01:19:24'),
(46, 22, 'Yasmine Green', 'Optio excepturi vero illum voluptas quia omnis. Fugit et voluptas quasi voluptas et et non excepturi. Qui accusamus nostrum officia fugit.', 5, '2019-04-17 01:19:24', '2019-04-17 01:19:24'),
(47, 25, 'Tomasa Miller', 'Est dignissimos aut quaerat neque. Molestias numquam aut sunt earum ducimus officiis. Laborum est ipsum qui excepturi aut repellat.', 5, '2019-04-17 01:19:24', '2019-04-17 01:19:24'),
(48, 78, 'Mrs. Marilie Okuneva', 'Labore rerum qui cupiditate beatae. Cum autem sit molestias et autem at quia. Recusandae id earum voluptatibus quod. Occaecati eveniet in expedita tempore.', 4, '2019-04-17 01:19:24', '2019-04-17 01:19:24'),
(49, 3, 'Queen Auer', 'Magni quae debitis tempore nostrum sapiente qui aliquam. Earum porro quam nobis dolorum voluptas. Quibusdam sit dicta earum. Qui ea adipisci veniam illo nihil similique.', 3, '2019-04-17 01:19:24', '2019-04-17 01:19:24'),
(50, 53, 'Mr. Cullen Bailey Sr.', 'Veritatis eos debitis omnis consequatur cumque ut aut. Quo sed exercitationem illo voluptatum veniam voluptatem quia. Nisi sapiente ipsum officiis qui enim.', 0, '2019-04-17 01:19:24', '2019-04-17 01:19:24'),
(51, 21, 'Monserrate Ankunding', 'Sint sit aliquid vel quos quis qui. Provident ut placeat nesciunt eum ipsam assumenda fugit. Repellat sed aut ea sunt a repellendus similique.', 0, '2019-04-17 01:19:24', '2019-04-17 01:19:24'),
(52, 22, 'Mr. Tod Skiles I', 'Eos aliquam ea aut qui porro. Nemo sint delectus vitae dignissimos error. Labore ut nemo voluptatem.', 3, '2019-04-17 01:19:24', '2019-04-17 01:19:24'),
(53, 100, 'Miss Margaretta Becker PhD', 'Occaecati nam omnis est et magnam molestias. Id voluptatem dolores consectetur quam voluptatem nam iusto.', 0, '2019-04-17 01:19:24', '2019-04-17 01:19:24'),
(54, 67, 'Dr. Lance Haag', 'Fuga dolor quia aliquam illum. Maxime et quasi voluptatem et consequatur quisquam. Recusandae eos doloribus nesciunt laudantium impedit nemo debitis consequuntur.', 1, '2019-04-17 01:19:24', '2019-04-17 01:19:24'),
(55, 53, 'Marlee Borer', 'Quae veritatis esse non rem. Qui minus in voluptatibus molestias odio. Et magnam voluptas occaecati quia consequuntur.', 5, '2019-04-17 01:19:24', '2019-04-17 01:19:24'),
(56, 46, 'Prof. Joy Grant I', 'Quis accusantium perferendis veritatis nisi labore alias autem. Itaque aut illo natus voluptatem. Autem et nobis sed. Totam sunt omnis accusantium dolorum cumque excepturi dignissimos.', 2, '2019-04-17 01:19:24', '2019-04-17 01:19:24'),
(57, 20, 'Wava Kerluke', 'Consequuntur ut vel odio nisi non. Placeat veniam sunt dolores. Ut nesciunt pariatur quam voluptatem sed veritatis nemo consequatur.', 1, '2019-04-17 01:19:24', '2019-04-17 01:19:24'),
(58, 85, 'Mr. Owen Wiegand', 'Nulla praesentium deleniti pariatur hic eum optio eos. Omnis quibusdam consequatur ad laborum natus. Occaecati itaque id omnis et fugiat. Non repellat voluptatem id recusandae quaerat qui.', 2, '2019-04-17 01:19:24', '2019-04-17 01:19:24'),
(59, 6, 'Ed Hoppe Sr.', 'Et sit asperiores cum et. Temporibus repellendus maxime illo sed quia ea. Dicta quaerat ab quia itaque omnis inventore.', 0, '2019-04-17 01:19:24', '2019-04-17 01:19:24'),
(60, 69, 'Jaquelin Schmidt', 'Dolorem temporibus explicabo corrupti porro fugiat temporibus. Facilis autem et qui doloremque dolores aperiam. Et aut dolorem ipsam quo inventore omnis quos.', 3, '2019-04-17 01:19:24', '2019-04-17 01:19:24'),
(61, 13, 'Dwight Rempel', 'Et id voluptatem voluptate alias. Reprehenderit et neque consequuntur facere voluptatem adipisci aut. Neque minima quo fugiat aut. Animi voluptates tempore in deleniti aliquid.', 5, '2019-04-17 01:19:24', '2019-04-17 01:19:24'),
(62, 13, 'Dr. Garry Bailey II', 'Deserunt iure expedita voluptatem ea similique ut et. Optio dolorum alias dolores nihil saepe repudiandae soluta. Earum maxime quibusdam voluptate vero facilis.', 4, '2019-04-17 01:19:24', '2019-04-17 01:19:24'),
(63, 55, 'Elmer Roob', 'Aut autem debitis consequuntur sunt nesciunt. Atque eveniet totam animi blanditiis. Officiis qui laudantium velit et et qui eos.', 5, '2019-04-17 01:19:24', '2019-04-17 01:19:24'),
(64, 81, 'Jesus Beahan', 'Ipsum delectus et eos ea fuga non quas quia. Laboriosam alias et magni et. Ut expedita doloribus nulla nihil. Id sit officia reiciendis ipsa explicabo sit quisquam. Velit et illo doloremque expedita.', 5, '2019-04-17 01:19:24', '2019-04-17 01:19:24'),
(65, 44, 'Columbus Rodriguez', 'Voluptatem assumenda omnis aut temporibus alias. Molestiae rerum dolorum explicabo minima voluptatum laborum ea atque. Enim voluptas autem ab quasi corporis dignissimos. Impedit placeat rerum facere hic.', 2, '2019-04-17 01:19:24', '2019-04-17 01:19:24'),
(66, 87, 'Dr. Jordon Rolfson IV', 'Illo voluptates minima quasi saepe tenetur sequi incidunt consequatur. Autem officiis voluptatem fugiat mollitia a soluta ipsam. Quam recusandae doloribus quas ea repellendus. Corrupti omnis voluptas quo ipsum labore ea.', 2, '2019-04-17 01:19:24', '2019-04-17 01:19:24'),
(67, 100, 'Emerald Marquardt', 'Omnis et facilis a quia atque odit. Dolor corrupti unde et necessitatibus expedita. Nobis qui sit sint est expedita corporis.', 5, '2019-04-17 01:19:24', '2019-04-17 01:19:24'),
(68, 57, 'Ahmad Hermann', 'Dolorum est molestiae id a optio explicabo. Autem et doloribus cumque qui. Ullam voluptate porro atque distinctio ut. Et itaque aspernatur aliquam ut repellat commodi sapiente. Saepe quidem vitae ad.', 4, '2019-04-17 01:19:24', '2019-04-17 01:19:24'),
(69, 45, 'Lisa Marks', 'Quos doloribus soluta et consequatur quis. Voluptas et sint et accusamus. Consequuntur quaerat dolor iusto labore beatae quod.', 2, '2019-04-17 01:19:24', '2019-04-17 01:19:24'),
(70, 67, 'Jaiden Schuster PhD', 'Ea consequatur sit quidem. Id cum consequatur reiciendis sunt. Officia ex veniam atque aperiam pariatur minima tenetur tenetur. Quo sit quae minus fugit praesentium quo.', 5, '2019-04-17 01:19:24', '2019-04-17 01:19:24'),
(71, 80, 'Andreane Walker', 'Est dolores consectetur sed facilis aperiam iure est excepturi. Qui voluptates libero architecto vel. Ut aut assumenda est voluptas cumque aut hic.', 0, '2019-04-17 01:19:24', '2019-04-17 01:19:24'),
(72, 96, 'Kassandra Conn', 'Quibusdam ratione ipsa harum natus doloribus aspernatur a. Eos architecto et id aliquid. Sit nisi rerum rem provident voluptas voluptatum. Nihil architecto quia modi quidem.', 1, '2019-04-17 01:19:24', '2019-04-17 01:19:24'),
(73, 29, 'Prof. Frederique Hamill', 'Qui aut aut molestiae molestias sapiente voluptas. Ipsam est sed maiores iusto. Hic dolores ratione sapiente nihil est et nam. Sed et ut quos ea soluta suscipit harum iusto.', 5, '2019-04-17 01:19:24', '2019-04-17 01:19:24'),
(74, 90, 'Leda Fay', 'Optio sunt quisquam sit aut deleniti fugit ipsa. Explicabo odio qui ut veniam.', 5, '2019-04-17 01:19:24', '2019-04-17 01:19:24'),
(75, 43, 'Arnulfo Kuhn', 'Aut praesentium et est excepturi. Provident ipsam quis hic commodi quis harum adipisci. Eos qui corrupti quidem unde. Sed qui harum velit quidem et voluptatem. Voluptatem aut et et quo praesentium quos.', 1, '2019-04-17 01:19:24', '2019-04-17 01:19:24'),
(76, 36, 'Keaton Marquardt', 'Praesentium debitis ad et quae. Vitae provident omnis culpa magnam quos est ducimus. Sit facilis iste quidem ipsam voluptatem fugiat. Sapiente placeat autem sint delectus suscipit non.', 4, '2019-04-17 01:19:24', '2019-04-17 01:19:24'),
(77, 32, 'Guy Morar', 'Voluptatem rem et aut dolore. Nihil pariatur delectus culpa odio reprehenderit ipsum. Et minus enim similique.', 2, '2019-04-17 01:19:24', '2019-04-17 01:19:24'),
(78, 91, 'Mrs. Hassie Crist', 'Maxime eos perferendis omnis dicta quisquam qui reprehenderit. Voluptas sunt sapiente rerum earum dolorum sapiente et. Repellat voluptates quis ut beatae itaque illo cupiditate eius.', 4, '2019-04-17 01:19:24', '2019-04-17 01:19:24'),
(79, 76, 'Izaiah Hoeger', 'Porro suscipit harum blanditiis pariatur. Ut deserunt est sint sed non. Ea ex voluptate qui perferendis sint necessitatibus et. Atque dicta accusantium facere cumque at qui quasi.', 2, '2019-04-17 01:19:24', '2019-04-17 01:19:24'),
(80, 28, 'Hailie Walker', 'Et culpa libero provident excepturi. Nesciunt dolorem quibusdam optio placeat. Soluta amet deleniti doloribus sint.', 5, '2019-04-17 01:19:24', '2019-04-17 01:19:24'),
(81, 38, 'Eldridge Cole', 'Ducimus omnis quia alias quas sequi quisquam eaque. Rem mollitia officiis quas molestias rerum. Tempore quas aut autem libero.', 5, '2019-04-17 01:19:24', '2019-04-17 01:19:24'),
(82, 26, 'Viva Morar', 'Veritatis inventore doloremque aut qui. Veniam est voluptatum magni debitis beatae harum nihil. Non et explicabo expedita quae odit officiis excepturi. Ut natus non animi labore reiciendis assumenda molestias.', 2, '2019-04-17 01:19:24', '2019-04-17 01:19:24'),
(83, 85, 'Mable McLaughlin', 'Ex perspiciatis animi ullam similique. Inventore et est qui rem rerum nemo. Et dolores nostrum autem provident dolor voluptatem. Odio sit rerum modi itaque at unde.', 5, '2019-04-17 01:19:24', '2019-04-17 01:19:24'),
(84, 1, 'Lesley Corwin', 'In tempore aut tempore qui commodi. Magnam rerum neque doloremque nostrum repudiandae.', 3, '2019-04-17 01:19:24', '2019-04-17 01:19:24'),
(85, 54, 'Ms. Edyth Dooley', 'Voluptas voluptas iste officia odio in quaerat. Et unde quasi labore dicta expedita quaerat. Atque qui cumque eligendi minus. Quibusdam pariatur accusantium culpa et similique.', 4, '2019-04-17 01:19:24', '2019-04-17 01:19:24'),
(86, 33, 'Nakia Pfeffer', 'Ut dolorum recusandae quae quisquam delectus. Ut rerum at doloremque qui labore corrupti voluptatem.', 0, '2019-04-17 01:19:24', '2019-04-17 01:19:24'),
(87, 38, 'Fabiola Deckow', 'Quia quibusdam saepe maxime tempora. Amet et soluta quidem. Distinctio animi non ea aut laborum rerum ipsam. Voluptatem ipsum autem commodi praesentium corporis fuga fugiat.', 3, '2019-04-17 01:19:24', '2019-04-17 01:19:24'),
(88, 36, 'Lizeth Carroll', 'Corrupti qui unde et sit sint est. Quaerat perspiciatis doloremque ducimus eaque aut quia. Eum pariatur expedita illo libero consequatur.', 1, '2019-04-17 01:19:24', '2019-04-17 01:19:24'),
(89, 88, 'Lori Heaney', 'Possimus ea saepe est magnam neque recusandae magnam. Iste incidunt molestiae ut adipisci voluptas. Corrupti aut ipsam sed aut facilis placeat quia. Corrupti magni quaerat nobis aliquam.', 3, '2019-04-17 01:19:24', '2019-04-17 01:19:24'),
(90, 98, 'Donna Kuvalis', 'Aut accusantium perferendis vel maiores et sed. Deserunt id tenetur dolorem officia qui hic minima. Modi sit aut ut fugiat aut. Natus perspiciatis eaque labore eum facere commodi nisi voluptatibus.', 4, '2019-04-17 01:19:24', '2019-04-17 01:19:24'),
(91, 86, 'Drake Collier', 'Consequatur consequatur molestias ipsa. Nesciunt magnam quia quo molestiae. Fugit perspiciatis cum sint quia. Assumenda sapiente veniam eveniet eos quibusdam et aut. Pariatur animi ea totam facere.', 4, '2019-04-17 01:19:24', '2019-04-17 01:19:24'),
(92, 8, 'Alfonzo Anderson V', 'Natus dolores dolorem illo adipisci libero quia. Labore ipsa odio reiciendis illum deserunt ut.', 1, '2019-04-17 01:19:24', '2019-04-17 01:19:24'),
(93, 87, 'Janae Weissnat', 'Sed sit in perspiciatis. Veritatis eaque pariatur qui ea. Dolor ad animi consequatur asperiores. Consequatur iure mollitia nulla consequatur placeat quod repellat.', 5, '2019-04-17 01:19:24', '2019-04-17 01:19:24'),
(94, 11, 'Mr. Gregg Effertz', 'Iure praesentium sapiente exercitationem. Sapiente vel aliquam quis voluptates veritatis ex voluptatibus. Ipsa sit architecto recusandae nesciunt et atque aut. Officiis architecto odio cupiditate aut.', 1, '2019-04-17 01:19:24', '2019-04-17 01:19:24'),
(95, 59, 'Enrico Roob II', 'Laboriosam in quia et soluta sint quisquam. Totam non fugiat amet alias ut similique consequatur. Doloribus temporibus molestiae magnam odit accusamus. Doloremque id repudiandae accusamus rerum eaque.', 5, '2019-04-17 01:19:24', '2019-04-17 01:19:24'),
(96, 19, 'Alba Hoeger', 'Numquam debitis rerum est fugiat ut aut error. Illo voluptatem enim consequatur. Corrupti magnam voluptatem minus aspernatur alias facilis quaerat. Quis in consequuntur soluta eligendi voluptates nesciunt porro.', 2, '2019-04-17 01:19:24', '2019-04-17 01:19:24'),
(97, 73, 'Maria Cartwright', 'Corrupti rerum sed ut fugit maiores. Recusandae illum est molestias nisi dolore consequatur. Consectetur fugit et in ab voluptatem. Quis veritatis maxime ea voluptates natus dolor earum.', 3, '2019-04-17 01:19:24', '2019-04-17 01:19:24'),
(98, 73, 'Tatum Spencer', 'Et voluptas velit repellendus laudantium. Excepturi doloremque asperiores numquam quo quibusdam ut.', 1, '2019-04-17 01:19:24', '2019-04-17 01:19:24'),
(99, 42, 'Barney Walsh', 'Et molestias tenetur commodi corporis et eveniet voluptate. Rerum modi accusantium quas doloremque. Quia voluptatibus vel nisi et quia ut.', 2, '2019-04-17 01:19:25', '2019-04-17 01:19:25'),
(100, 54, 'Dr. Elwin Russel III', 'Est impedit quae aperiam eum rem numquam. Voluptatum voluptatibus aut culpa. Sequi magnam expedita doloremque reiciendis. Dolor neque et est quod excepturi molestias.', 3, '2019-04-17 01:19:25', '2019-04-17 01:19:25'),
(101, 52, 'Omari Littel', 'Necessitatibus aut debitis quis sunt et et impedit. Architecto sit voluptatibus sunt ipsum. Totam nihil quasi debitis aut. Recusandae quia maxime rem voluptas.', 2, '2019-04-17 01:19:25', '2019-04-17 01:19:25'),
(102, 96, 'Spencer Rempel', 'Facilis recusandae aut omnis soluta distinctio illum dolor. Sint delectus ullam reiciendis. Aut dolor quae laborum perspiciatis ipsum voluptas.', 0, '2019-04-17 01:19:25', '2019-04-17 01:19:25'),
(103, 43, 'Jonathan Russel', 'Ullam accusamus nesciunt rerum id. Quod voluptatem nisi iusto a ipsum. Vel nam provident nulla autem at fuga.', 4, '2019-04-17 01:19:25', '2019-04-17 01:19:25'),
(104, 94, 'Miss Alysson Graham', 'Autem perspiciatis voluptatum excepturi maiores reprehenderit. Id fuga voluptatum excepturi impedit recusandae ad. Dignissimos recusandae illo qui ipsum. Similique incidunt quod fugiat aut qui ut sint.', 1, '2019-04-17 01:19:25', '2019-04-17 01:19:25'),
(105, 99, 'Ms. Aglae Lehner Sr.', 'Fugiat aut cupiditate et molestias. Eum atque repudiandae magni fugit. Occaecati sint impedit quod. Magnam id aperiam voluptatem cumque rerum voluptas.', 3, '2019-04-17 01:19:25', '2019-04-17 01:19:25'),
(106, 91, 'Johnathon Walter', 'Iusto eos quae expedita excepturi quidem. Dolores earum rerum perspiciatis non nam. Quia deleniti sequi mollitia vero. Voluptatibus doloribus iste natus iure qui provident est facilis. Fugiat alias nobis vitae libero recusandae aut.', 4, '2019-04-17 01:19:25', '2019-04-17 01:19:25'),
(107, 11, 'Dr. Haleigh Kunde DDS', 'Illum eos natus sequi ut. Molestias est aliquid ratione ducimus sequi ut.', 1, '2019-04-17 01:19:25', '2019-04-17 01:19:25'),
(108, 22, 'Demarcus Haley', 'Voluptatum sint quo architecto laboriosam ullam dolorem. Non sit qui hic cumque reprehenderit odio sed. Modi nihil ab facilis est dolorem eaque minima.', 4, '2019-04-17 01:19:25', '2019-04-17 01:19:25'),
(109, 10, 'Louie Denesik', 'Officiis cupiditate non porro eos qui natus vero. Aut odio aut placeat reprehenderit cupiditate esse. Et non ea provident ipsa voluptate pariatur. Provident vitae earum esse repudiandae id sunt cumque non. Nisi facilis asperiores ea et odio magni.', 5, '2019-04-17 01:19:25', '2019-04-17 01:19:25'),
(110, 17, 'Zaria Weissnat', 'Et alias autem quae velit delectus. Ducimus aut quia sunt rem quibusdam alias sed est. Deserunt ut ad officia nesciunt occaecati quia labore et.', 1, '2019-04-17 01:19:25', '2019-04-17 01:19:25'),
(111, 99, 'Leta Pfeffer', 'Sed illum veniam rerum ex et molestiae. Sed dolorem mollitia temporibus unde tempore aut dolores. Nihil laborum consequatur ut officia doloribus culpa est. Esse quae neque consequuntur iure debitis earum.', 0, '2019-04-17 01:19:25', '2019-04-17 01:19:25'),
(112, 81, 'Ramon Bednar', 'Molestias qui quibusdam est alias. Fugit non et maxime. Velit sed perferendis optio fugiat esse voluptas atque molestias.', 2, '2019-04-17 01:19:25', '2019-04-17 01:19:25'),
(113, 47, 'Khalid Feil DVM', 'Delectus sint consequatur ab omnis ex quaerat quis ex. Quis rerum quaerat impedit tenetur. Quo hic blanditiis aut. Aut placeat molestiae voluptatibus quae exercitationem veniam.', 4, '2019-04-17 01:19:25', '2019-04-17 01:19:25'),
(114, 75, 'Flavio Hessel', 'Vel praesentium quod ipsa voluptatem quia velit. Nesciunt corrupti ipsa assumenda saepe aliquid dolor doloribus. Quos qui odio tempora tempora. Dicta voluptates earum voluptatem sit inventore et cupiditate deserunt.', 3, '2019-04-17 01:19:25', '2019-04-17 01:19:25'),
(115, 78, 'Garnet Hand', 'Qui earum ducimus eum voluptatem repellendus sapiente. Fugiat corrupti facilis aut deleniti omnis dolor.', 1, '2019-04-17 01:19:25', '2019-04-17 01:19:25'),
(116, 62, 'Prof. Laurine Walker DDS', 'Porro nesciunt maiores aut non optio. Quia doloribus inventore distinctio non. Optio neque minima ut voluptas enim delectus ratione hic. Sed ut est similique quam.', 4, '2019-04-17 01:19:25', '2019-04-17 01:19:25'),
(117, 58, 'Lauren Koch', 'Molestias occaecati velit consequatur minima sint iure repellat quo. Et odio rerum cum accusantium. Numquam ea minus sunt voluptas. Qui itaque veniam dolores molestiae cum voluptatum vitae.', 4, '2019-04-17 01:19:25', '2019-04-17 01:19:25'),
(118, 81, 'Zion Reinger', 'Iure excepturi accusantium velit hic. Quia odio qui nihil totam. Ut eius quisquam veritatis illum omnis et soluta.', 0, '2019-04-17 01:19:25', '2019-04-17 01:19:25'),
(119, 7, 'Jimmy Predovic', 'Itaque accusantium adipisci sit odio nobis deserunt eaque. Laborum minus error officiis nisi cupiditate sit. Ut ea quam occaecati at unde.', 2, '2019-04-17 01:19:25', '2019-04-17 01:19:25'),
(120, 27, 'Rylee Stark', 'Eaque a vel inventore architecto sint. Sequi blanditiis aut earum reprehenderit.', 2, '2019-04-17 01:19:25', '2019-04-17 01:19:25'),
(121, 28, 'Lincoln Terry V', 'Ipsum animi excepturi qui. Aut porro et quod.', 2, '2019-04-17 01:19:25', '2019-04-17 01:19:25'),
(122, 22, 'Miss Bailee Cassin Sr.', 'Reiciendis consequatur libero officiis ut minus ipsum corrupti. Voluptatibus quisquam dolorem sint quam in et aliquid. Soluta qui vero excepturi aut veritatis. Aut exercitationem delectus quaerat quia.', 3, '2019-04-17 01:19:25', '2019-04-17 01:19:25'),
(123, 99, 'Mrs. Rosie Runte Sr.', 'Aut distinctio in enim quasi. Maiores ut animi eos minima. Molestiae adipisci illum quia et architecto officia libero.', 1, '2019-04-17 01:19:25', '2019-04-17 01:19:25'),
(124, 76, 'Keshaun Schowalter', 'Pariatur non labore laudantium itaque molestias corporis dolores. Incidunt aliquam sed porro pariatur. Quas tenetur iusto doloribus exercitationem aliquid omnis. Qui non molestiae iusto molestias quam.', 1, '2019-04-17 01:19:25', '2019-04-17 01:19:25'),
(125, 77, 'Dr. Finn Treutel MD', 'Consequuntur qui mollitia nulla fugiat. Ut aut et consequuntur ipsa quia. Harum voluptas magni id sit consequatur.', 0, '2019-04-17 01:19:25', '2019-04-17 01:19:25'),
(126, 36, 'Jesus Harvey PhD', 'Voluptatem porro ad sapiente provident eius aut nulla sunt. Ut ad aliquid sed et iure omnis nulla numquam. Sit tenetur at rerum vel architecto dicta ut. Libero in non id eos sit. Eius reiciendis est aut voluptatem est quis.', 0, '2019-04-17 01:19:25', '2019-04-17 01:19:25'),
(127, 53, 'Cameron Beahan Jr.', 'Debitis sit sit recusandae consequuntur error impedit et. Voluptatum magnam aspernatur nam. Ut est pariatur minima rerum voluptatem aperiam quas nostrum.', 3, '2019-04-17 01:19:25', '2019-04-17 01:19:25'),
(128, 56, 'Prof. Jeffrey Crist MD', 'Esse optio fugiat voluptas amet. Dolorem autem quidem in. Deserunt nihil distinctio quisquam sit est nihil impedit aut.', 3, '2019-04-17 01:19:25', '2019-04-17 01:19:25'),
(129, 62, 'Bud Labadie', 'Doloremque nostrum quia natus nulla sit necessitatibus. Officia nam expedita labore consequatur. Vel soluta rem assumenda voluptates. In natus quidem recusandae delectus laudantium ex ut quidem.', 1, '2019-04-17 01:19:25', '2019-04-17 01:19:25'),
(130, 13, 'Demarco Armstrong', 'Qui eum quidem optio. Eaque quas reiciendis quis eius sit qui perferendis. Quidem alias possimus non veniam quis eum. Voluptatem vero dicta dolore ut harum officia.', 2, '2019-04-17 01:19:25', '2019-04-17 01:19:25'),
(131, 33, 'Dr. Richard Mills', 'Aut eligendi maiores quo ab quis soluta error. Temporibus quaerat tempora fuga dolores rerum quidem amet quis. Sit velit unde quia itaque.', 4, '2019-04-17 01:19:25', '2019-04-17 01:19:25'),
(132, 27, 'Friedrich Yundt DDS', 'Beatae ad quidem deleniti aut eveniet. Harum quisquam asperiores similique aliquid pariatur repudiandae. Eum numquam exercitationem aut consequatur atque hic. Quisquam eos molestiae repellendus et consectetur commodi beatae. Odit iure hic necessitatibus unde est eos.', 2, '2019-04-17 01:19:25', '2019-04-17 01:19:25'),
(133, 33, 'Paris Schamberger', 'Autem omnis nam sit et delectus aut. Et repudiandae perferendis qui. Deleniti voluptates consequuntur iste dolorum.', 4, '2019-04-17 01:19:25', '2019-04-17 01:19:25'),
(134, 53, 'Amiya Stanton I', 'Quas vitae autem nam labore commodi fugit recusandae. Consequatur ipsa ut iste. Autem velit facere deleniti non fuga.', 0, '2019-04-17 01:19:25', '2019-04-17 01:19:25'),
(135, 71, 'Thomas Littel', 'At qui sunt est debitis voluptas. Dolorem molestias et dolores quae sit. Eos reiciendis tenetur tempora mollitia.', 5, '2019-04-17 01:19:25', '2019-04-17 01:19:25'),
(136, 27, 'Mr. Marcus Hackett', 'Delectus voluptatibus velit qui sunt molestias. Odit aut facilis aut ut id aut quis. Autem voluptatibus dolores et facere aut maiores suscipit. Soluta nam numquam voluptatem repellat et ex.', 2, '2019-04-17 01:19:25', '2019-04-17 01:19:25'),
(137, 99, 'Ursula Frami', 'Qui voluptatem deleniti commodi architecto neque odit quos voluptatem. Sit quo vero laborum aut qui atque quos. Sit veritatis ut molestiae minima quas autem sequi. Quaerat similique voluptatibus consequatur possimus molestias cupiditate.', 3, '2019-04-17 01:19:25', '2019-04-17 01:19:25'),
(138, 69, 'Alphonso Wilderman', 'Consequatur ad quis minus dolorem soluta iusto quaerat consectetur. Rerum sed quo non suscipit pariatur. Quam aperiam aliquid molestiae beatae.', 1, '2019-04-17 01:19:25', '2019-04-17 01:19:25'),
(139, 57, 'Broderick Barrows', 'Et id dignissimos in velit quod at eius. Ducimus corporis laborum consequatur sit explicabo sint quas. Ipsa omnis omnis aut ipsum. Dolores sunt tenetur blanditiis libero ipsa blanditiis ut.', 0, '2019-04-17 01:19:25', '2019-04-17 01:19:25'),
(140, 44, 'Lionel Rosenbaum', 'Asperiores ut ratione voluptatibus nisi. Ad mollitia in ea tempore sunt perspiciatis et. Veniam inventore ipsam atque in mollitia facilis debitis quidem. Et libero corporis ducimus quod incidunt maiores ipsum cumque.', 3, '2019-04-17 01:19:25', '2019-04-17 01:19:25'),
(141, 57, 'Alphonso Gottlieb', 'Ab assumenda doloribus quia. Ut perspiciatis animi voluptatem enim veniam a consequuntur. Ab sunt impedit quasi qui aut.', 5, '2019-04-17 01:19:25', '2019-04-17 01:19:25'),
(142, 48, 'Miss Eldora Bednar', 'Illo minus iste et qui sint laborum. Et sint harum natus enim dolor.', 3, '2019-04-17 01:19:25', '2019-04-17 01:19:25'),
(143, 45, 'Golden Reichert', 'Laborum rerum vitae excepturi. Voluptatem non rerum rerum quasi facilis. Unde in rerum a veniam nostrum labore. Consequatur eligendi et tempore quos veritatis ipsum est.', 2, '2019-04-17 01:19:25', '2019-04-17 01:19:25'),
(144, 52, 'Lilyan Morar', 'Et fuga et occaecati eligendi dolor. Qui deleniti unde suscipit corporis. Tempore modi laudantium soluta corrupti id id.', 1, '2019-04-17 01:19:25', '2019-04-17 01:19:25'),
(145, 82, 'Prof. Devan Terry Sr.', 'Provident aut debitis voluptas omnis. Ut eos qui ullam qui. Omnis voluptatibus possimus commodi. Est odit deserunt facere temporibus earum qui facere.', 0, '2019-04-17 01:19:25', '2019-04-17 01:19:25'),
(146, 59, 'Noemi Boehm', 'Necessitatibus ut maxime omnis nobis sit laboriosam eligendi. Dicta consequatur corporis fugit consequuntur ut nisi eaque. Sed aperiam eos quis sint.', 4, '2019-04-17 01:19:25', '2019-04-17 01:19:25'),
(147, 74, 'Idell Champlin', 'Consequatur quis impedit vel nostrum inventore dolor cumque aut. Consequuntur ratione quae est ut. Ut ut sint minus cum.', 1, '2019-04-17 01:19:25', '2019-04-17 01:19:25'),
(148, 84, 'Makenna Lynch I', 'Quam molestiae error tenetur omnis sed debitis tenetur. Hic porro ex est beatae ut illum. Quasi et consequuntur ea ab soluta corporis voluptatem assumenda. Nihil pariatur quod et dolor nulla sint itaque. Et voluptates numquam neque rerum laborum commodi.', 4, '2019-04-17 01:19:25', '2019-04-17 01:19:25'),
(149, 78, 'Dr. Payton Jacobi', 'In necessitatibus quia doloribus vero recusandae laborum. Quisquam sit cumque vel et voluptatibus hic.', 1, '2019-04-17 01:19:25', '2019-04-17 01:19:25'),
(150, 84, 'Trevor Nienow MD', 'Unde esse sed quaerat consequatur. Et aliquam explicabo voluptate explicabo officiis. Consequuntur sed ullam ut. Quod sequi nihil et ut.', 2, '2019-04-17 01:19:25', '2019-04-17 01:19:25'),
(151, 88, 'Richmond Reichert', 'Amet a cupiditate nam voluptas et. Excepturi nulla voluptatum est eius mollitia voluptatem. Totam temporibus voluptas aliquam natus a.', 1, '2019-04-17 01:19:25', '2019-04-17 01:19:25'),
(152, 36, 'Dr. Rashawn Orn', 'Vero animi consequuntur dolore sit saepe. Perferendis odit dolor debitis dolor rerum quis dolor. Totam veniam et quibusdam et exercitationem alias est excepturi. Eaque et perferendis vitae.', 4, '2019-04-17 01:19:25', '2019-04-17 01:19:25'),
(153, 94, 'Ole Schmitt', 'Ut et minima sed amet. In sunt qui omnis rem corporis non nihil error. Voluptas recusandae quo molestias saepe ea deserunt.', 2, '2019-04-17 01:19:25', '2019-04-17 01:19:25'),
(154, 99, 'Erik Wiza', 'Sed aut minus enim commodi distinctio quia. Adipisci numquam vel voluptas cupiditate magnam sit. Quia illum nesciunt iusto voluptates ut eius.', 3, '2019-04-17 01:19:25', '2019-04-17 01:19:25'),
(155, 33, 'Ruthie Mante', 'Nobis autem dolores accusantium dolore non. Similique natus voluptas nisi alias qui dignissimos. Distinctio repellendus dolorum adipisci officiis distinctio quam vel.', 0, '2019-04-17 01:19:25', '2019-04-17 01:19:25'),
(156, 2, 'Prof. Eriberto Leannon PhD', 'Nemo sed nihil est natus labore a. Iste est facilis voluptatem mollitia quisquam. Ratione soluta ratione ratione voluptatum a laudantium culpa.', 3, '2019-04-17 01:19:25', '2019-04-17 01:19:25'),
(157, 6, 'Breana Hodkiewicz', 'Enim et nostrum blanditiis hic vel accusamus minus. Esse vel sint tempore dolore modi rerum in. Est qui aut accusantium sit reiciendis quam labore.', 2, '2019-04-17 01:19:25', '2019-04-17 01:19:25'),
(158, 33, 'Luz Toy', 'Error doloribus et itaque quis quia eligendi quaerat. Maiores sapiente perspiciatis eveniet maiores natus. Consequatur et eum dolor et est. Perspiciatis autem voluptatem enim dicta itaque et.', 2, '2019-04-17 01:19:25', '2019-04-17 01:19:25'),
(159, 81, 'Prof. Jonathon Gleichner', 'Nihil dicta et minus et ad nobis. Id quos velit ad laboriosam velit illo. Quia excepturi rerum consequatur molestias ducimus iusto excepturi. Placeat quas iusto in ut.', 2, '2019-04-17 01:19:25', '2019-04-17 01:19:25'),
(160, 92, 'Bret Osinski', 'Pariatur quis laudantium provident minima iste praesentium dolorem. Doloremque est dignissimos deleniti maiores ad atque. Quaerat assumenda in saepe adipisci in. Repudiandae neque id minima ea harum.', 4, '2019-04-17 01:19:25', '2019-04-17 01:19:25'),
(161, 66, 'Ms. Ivy Wiegand II', 'Magnam dolor minus non quae enim. Commodi laudantium et reprehenderit sed animi ut sit minima.', 4, '2019-04-17 01:19:25', '2019-04-17 01:19:25'),
(162, 21, 'Roberta White', 'Nam commodi dolore dolores atque. Autem aperiam distinctio sit molestiae explicabo quia.', 5, '2019-04-17 01:19:25', '2019-04-17 01:19:25'),
(163, 90, 'Christy Jast II', 'Qui voluptas dolorum consequatur iste. Aperiam neque reiciendis quae consequatur vel nemo. Qui et sapiente et voluptatem ut voluptatem.', 5, '2019-04-17 01:19:25', '2019-04-17 01:19:25'),
(164, 3, 'Krystel Mueller DVM', 'Adipisci omnis quaerat eos itaque velit repellat impedit culpa. Provident consectetur quia suscipit aut possimus error. Voluptatibus et minus eligendi error possimus.', 5, '2019-04-17 01:19:25', '2019-04-17 01:19:25'),
(165, 23, 'Mrs. Kenna Lind DDS', 'Veritatis est quia dolorum veritatis facere nemo. Nam praesentium reiciendis illo tempora reprehenderit.', 4, '2019-04-17 01:19:25', '2019-04-17 01:19:25'),
(166, 20, 'Ms. Brooke Huels', 'Quia consequatur ut ut laboriosam ullam nostrum sequi. Et est odit ex atque. Occaecati molestiae vero dolor qui quis autem non dolor. Maiores et aut provident ut suscipit.', 5, '2019-04-17 01:19:25', '2019-04-17 01:19:25'),
(167, 99, 'Elwyn Rodriguez', 'Et itaque dolorem corporis voluptatem necessitatibus eos. Consectetur modi consequatur consequuntur aut quisquam. Fuga eum inventore enim natus. Natus expedita nesciunt eum quasi omnis voluptatem a. Esse odio fugit nesciunt.', 0, '2019-04-17 01:19:25', '2019-04-17 01:19:25'),
(168, 45, 'Herbert Schaefer', 'Ipsam ducimus quisquam dolorem eum. Libero iste ipsa iure. Officia aut facere expedita accusamus.', 5, '2019-04-17 01:19:25', '2019-04-17 01:19:25'),
(169, 76, 'Jaime Hamill', 'Numquam velit laboriosam recusandae alias consequuntur eos. Velit modi illo adipisci animi error iusto. Autem quisquam id est voluptatem et quis est.', 3, '2019-04-17 01:19:25', '2019-04-17 01:19:25'),
(170, 41, 'Estell Beier', 'Non maxime quaerat occaecati aliquid eius. Sit libero eos excepturi esse commodi voluptatem. Totam sint ipsum sint id et.', 2, '2019-04-17 01:19:25', '2019-04-17 01:19:25'),
(171, 75, 'Amos Hansen', 'Est earum quas enim sit ullam. Qui quidem neque explicabo commodi cum et at. Animi saepe eum est corrupti et. Dolores dolor aut aut quis.', 0, '2019-04-17 01:19:25', '2019-04-17 01:19:25'),
(172, 3, 'Jade Sauer', 'Nesciunt at aut praesentium eaque voluptatem perspiciatis rerum. Neque voluptatem et consequatur. Consequatur quod accusamus illum unde.', 4, '2019-04-17 01:19:25', '2019-04-17 01:19:25'),
(173, 46, 'Hollie Wisozk', 'Excepturi aut doloribus architecto quos totam in repellendus. Dignissimos est voluptatem cumque. Officia modi vel magnam voluptatem consequatur. Voluptatem minus quo laudantium eveniet.', 1, '2019-04-17 01:19:25', '2019-04-17 01:19:25'),
(174, 9, 'Mr. Darrin Morar Sr.', 'Sunt eaque rem et debitis sequi. Qui eos similique asperiores deleniti. Eum molestias et culpa natus. Quia nam qui omnis asperiores doloremque nostrum.', 0, '2019-04-17 01:19:25', '2019-04-17 01:19:25'),
(175, 39, 'Magdalena Klein', 'Assumenda nam nisi provident veritatis esse dolorum minus. Aspernatur occaecati delectus vel est rerum aut sint saepe. Et doloribus ut voluptatum quas culpa molestiae. Unde accusamus minima qui quo ad error aut. Quaerat et est aut repellendus ratione consectetur nisi nisi.', 1, '2019-04-17 01:19:25', '2019-04-17 01:19:25'),
(176, 50, 'Shaun Stehr', 'Nesciunt illum sapiente aspernatur doloribus doloremque. Rerum aut aliquam tenetur ipsa qui. Porro libero quaerat ipsa quis. Maiores recusandae suscipit sit dolores.', 0, '2019-04-17 01:19:25', '2019-04-17 01:19:25'),
(177, 55, 'Kailyn Doyle PhD', 'Eveniet inventore omnis quis. Qui sint nemo nobis molestiae voluptate consequatur. Eveniet natus a atque id cum pariatur. Facilis odio ab recusandae repudiandae autem qui adipisci. Nobis est quod delectus voluptatem facere quas assumenda.', 4, '2019-04-17 01:19:25', '2019-04-17 01:19:25'),
(178, 75, 'Cristal Bosco', 'Sit iure sequi rerum nihil ullam. Magni non nemo optio. Quia possimus eos dolores repudiandae. Dolor aspernatur veniam voluptatem perspiciatis minima autem.', 1, '2019-04-17 01:19:25', '2019-04-17 01:19:25'),
(179, 7, 'Prof. Otho Collins V', 'Ut minima et voluptatibus in non. Labore illum velit aut. Repudiandae cum quam soluta enim mollitia expedita.', 3, '2019-04-17 01:19:25', '2019-04-17 01:19:25'),
(180, 47, 'Prof. Alexandre Crona Jr.', 'Sed ut et voluptatem. Non sed commodi nesciunt consequatur. Totam est corrupti tempora reiciendis reprehenderit et sapiente et.', 4, '2019-04-17 01:19:25', '2019-04-17 01:19:25'),
(181, 22, 'Carmelo Russel DVM', 'Vero architecto veniam earum id ipsam sed rerum. Repellendus laborum odit aut et illum voluptate. Veritatis voluptas quia totam ut omnis et. Quaerat quibusdam aut amet unde earum rerum.', 3, '2019-04-17 01:19:25', '2019-04-17 01:19:25'),
(182, 19, 'Jasen McLaughlin', 'Est neque consequuntur enim sit adipisci rerum. Aspernatur veritatis ut perferendis veritatis est autem inventore. Sint est voluptas aspernatur debitis labore voluptas cupiditate. Excepturi laborum et non aut debitis iure rem.', 2, '2019-04-17 01:19:25', '2019-04-17 01:19:25'),
(183, 16, 'Dameon Schinner', 'Ipsum omnis minima neque libero facere sit. Consequatur fugit fugiat illum voluptatem.', 2, '2019-04-17 01:19:25', '2019-04-17 01:19:25'),
(184, 31, 'Mr. Emil Stoltenberg DVM', 'Dolores ullam facere nesciunt aperiam nesciunt. Sit recusandae aut dolores aut excepturi. Enim et labore suscipit consequatur.', 4, '2019-04-17 01:19:25', '2019-04-17 01:19:25'),
(185, 99, 'Prof. Rhett Wintheiser', 'Omnis architecto minus qui. Aut quia ut dolorum dicta fugit est sapiente et. Ut assumenda quis dolor error. Sequi ab saepe facere omnis sed quod.', 5, '2019-04-17 01:19:25', '2019-04-17 01:19:25'),
(186, 30, 'Christina Williamson', 'Commodi ullam incidunt occaecati adipisci. Et culpa unde cumque repudiandae vitae rerum. Eligendi enim ducimus et labore sunt quo. Recusandae quae et eum sed optio quos quasi.', 2, '2019-04-17 01:19:25', '2019-04-17 01:19:25'),
(187, 51, 'Cristobal Heathcote', 'Facere dolore a excepturi voluptas. Ratione unde doloremque numquam nemo repudiandae eius. Praesentium quis aut ad labore. In ut aut repudiandae sed labore et autem.', 2, '2019-04-17 01:19:25', '2019-04-17 01:19:25'),
(188, 6, 'Dr. Akeem Morar', 'Nihil magnam qui corrupti. Non eum aut eum quis. Quo quasi rerum consequuntur non quas. Fugiat qui et dignissimos magni aut deleniti deserunt.', 4, '2019-04-17 01:19:25', '2019-04-17 01:19:25'),
(189, 22, 'Bennie Yundt', 'Illo ipsa unde eveniet doloribus optio corrupti aspernatur. Veniam deserunt consequuntur illum nemo aspernatur aliquam. Velit soluta enim culpa et at neque esse.', 4, '2019-04-17 01:19:25', '2019-04-17 01:19:25'),
(190, 76, 'Krystal Pfannerstill', 'Ducimus repudiandae rerum rerum doloribus. Et quo iusto voluptatem quasi ullam reprehenderit sed.', 0, '2019-04-17 01:19:25', '2019-04-17 01:19:25'),
(191, 2, 'Jairo Hudson', 'Dolorem voluptas perferendis voluptatem. Minima voluptate natus occaecati possimus nesciunt quae. Iusto aspernatur velit odit veritatis itaque.', 2, '2019-04-17 01:19:25', '2019-04-17 01:19:25'),
(192, 46, 'Mr. Hubert Kshlerin II', 'Eum est natus quam voluptas. Porro aut quasi saepe incidunt eveniet aperiam. Quisquam doloremque ut facilis nostrum est itaque.', 0, '2019-04-17 01:19:25', '2019-04-17 01:19:25'),
(193, 53, 'Trinity Shields II', 'Sed temporibus deleniti aut deserunt qui sint unde. Autem natus magni deleniti. Dignissimos in laborum eos. Ab atque qui id error.', 5, '2019-04-17 01:19:25', '2019-04-17 01:19:25'),
(194, 65, 'Nelson Sawayn', 'Cupiditate ullam reprehenderit aperiam distinctio omnis adipisci. Cum optio cupiditate ex et dolorem saepe. Et officia omnis laudantium dignissimos ut optio. Debitis velit possimus eveniet ut et in.', 5, '2019-04-17 01:19:25', '2019-04-17 01:19:25'),
(195, 16, 'Faustino Kunde', 'Ipsa minima nemo rerum molestiae provident. Asperiores dignissimos sint qui impedit voluptatem nemo porro. Voluptatibus totam sed veritatis corporis quam ea est.', 3, '2019-04-17 01:19:25', '2019-04-17 01:19:25'),
(196, 34, 'Brionna Runolfsson', 'Quis ipsam dolor soluta ratione qui est sint non. Quam ducimus ea soluta et. Non veritatis consectetur accusamus ut. Quod pariatur quia excepturi nulla ipsam adipisci error provident.', 4, '2019-04-17 01:19:25', '2019-04-17 01:19:25'),
(197, 97, 'Prof. Loyal Steuber II', 'Dolorem sint repellendus tempore fugiat. Accusamus quasi dolores magnam numquam hic. Similique magnam animi nam ea ea eveniet. Maxime esse tempora vitae sunt aut.', 4, '2019-04-17 01:19:25', '2019-04-17 01:19:25'),
(198, 44, 'Rasheed Pfannerstill DVM', 'Reiciendis id explicabo aut distinctio. Omnis voluptate mollitia omnis perspiciatis mollitia dolor vel quo. Voluptas impedit repellendus veritatis neque est sit aut excepturi. Reiciendis cum rem cumque consequuntur.', 1, '2019-04-17 01:19:25', '2019-04-17 01:19:25'),
(199, 80, 'Margaretta Ryan II', 'Quia nostrum sit qui facere eum dolorum. Consequuntur voluptas quos repellat corporis a doloremque dolor. Voluptatem qui sit voluptate ut similique maiores.', 2, '2019-04-17 01:19:25', '2019-04-17 01:19:25'),
(200, 9, 'Willis O\'Kon', 'Non maxime et deserunt nulla dolores recusandae. Molestiae delectus voluptates magni mollitia neque voluptates quia. Nobis soluta possimus omnis iure officiis aut et. Temporibus quia sapiente aspernatur reprehenderit cupiditate incidunt eaque.', 4, '2019-04-17 01:19:25', '2019-04-17 01:19:25'),
(201, 61, 'Dr. Carey Hamill', 'Possimus ut et quis eaque odio numquam quia aut. A laboriosam eum est libero quia sed. Voluptatibus repellat illum dicta accusantium et debitis. Et rem est fuga eum id sint voluptas. Perferendis consequuntur nulla earum ratione culpa.', 0, '2019-04-17 01:19:25', '2019-04-17 01:19:25'),
(202, 62, 'Emmanuel Dicki', 'Sunt sint vitae sequi quia. Reprehenderit optio accusantium tenetur ratione porro porro. Et consequatur dolor temporibus aliquam iusto voluptatem est doloribus.', 3, '2019-04-17 01:19:25', '2019-04-17 01:19:25'),
(203, 53, 'Dr. Rebeka Hoppe II', 'Quia aut quaerat omnis consequuntur numquam cum unde aut. Eligendi sint doloribus illum autem voluptatibus. Inventore quia repellendus voluptates pariatur error maxime.', 3, '2019-04-17 01:19:25', '2019-04-17 01:19:25'),
(204, 18, 'Fatima Hintz', 'Non nulla totam omnis qui suscipit quibusdam quis. Sequi laudantium suscipit illo odit rerum similique eum. Nostrum recusandae laborum consequatur sunt quisquam expedita. Omnis et nesciunt reiciendis qui excepturi enim voluptatum.', 0, '2019-04-17 01:19:25', '2019-04-17 01:19:25'),
(205, 38, 'Tara Fay', 'Et eligendi eligendi doloribus voluptates. Eveniet cupiditate earum maiores enim dolor minus illum. Odit modi perferendis sit laudantium. Earum laborum aspernatur dignissimos aut. Eum consequatur autem error laudantium.', 5, '2019-04-17 01:19:25', '2019-04-17 01:19:25'),
(206, 86, 'Daron Toy', 'Et animi minima ut sed eum. Quia quia nulla quis doloremque sed. Et est delectus iure enim ducimus ab autem.', 1, '2019-04-17 01:19:25', '2019-04-17 01:19:25'),
(207, 38, 'Opal Hoppe', 'Labore natus est quae incidunt debitis. Necessitatibus accusamus id voluptatem deleniti. Ut dolorem omnis et excepturi sint non. Esse nam id dolores facere. Dicta hic et sapiente ab consequuntur.', 1, '2019-04-17 01:19:25', '2019-04-17 01:19:25'),
(208, 35, 'Sigurd Schulist', 'Sed tenetur quia ut. Blanditiis aspernatur saepe dignissimos nesciunt vero. Et sunt libero reprehenderit dolorem ipsum.', 3, '2019-04-17 01:19:25', '2019-04-17 01:19:25'),
(209, 85, 'Natalia Jacobi', 'Qui a odit tempora qui et iusto reiciendis. Repudiandae nulla aut facilis quis aut mollitia quaerat qui. Nihil cum porro vitae veritatis perspiciatis.', 4, '2019-04-17 01:19:25', '2019-04-17 01:19:25');
INSERT INTO `reviews` (`id`, `product_id`, `customer`, `review`, `star`, `created_at`, `updated_at`) VALUES
(210, 74, 'Kailyn Reichert', 'Veniam sed est repellat ut. Ex fugit ut quis assumenda. Est iusto at eaque.', 5, '2019-04-17 01:19:25', '2019-04-17 01:19:25'),
(211, 8, 'Ava Wuckert MD', 'Aliquid ipsum distinctio rerum consequatur. Maxime esse accusamus delectus nostrum voluptatem. Eos dolorum optio officia dignissimos omnis. Eum in aut culpa sequi.', 5, '2019-04-17 01:19:26', '2019-04-17 01:19:26'),
(212, 83, 'Tyreek Stoltenberg', 'Facere omnis esse et. Voluptate temporibus quas necessitatibus facere ut. Aut voluptas deleniti harum molestias distinctio odit vel. Molestias enim et aut est.', 4, '2019-04-17 01:19:26', '2019-04-17 01:19:26'),
(213, 55, 'Ellie Hegmann PhD', 'Et architecto illo non ut libero. Quae occaecati magnam rerum minima libero fugit. Repellat numquam aut veniam ad a qui. Sit minus magnam voluptas saepe quod. Commodi saepe qui quam necessitatibus provident.', 5, '2019-04-17 01:19:26', '2019-04-17 01:19:26'),
(214, 61, 'Stacey Watsica', 'Aut veniam architecto ut atque voluptatem. Est consequatur ab explicabo qui voluptate. Maiores dolor perferendis ut debitis facere rerum. In vitae quo ipsa sequi.', 0, '2019-04-17 01:19:26', '2019-04-17 01:19:26'),
(215, 29, 'Dr. Reid Welch', 'Soluta nulla eveniet mollitia. Sit molestiae consequatur et provident. Quos eveniet aut enim quo quo. Reprehenderit nam corporis aspernatur quas rerum suscipit.', 2, '2019-04-17 01:19:26', '2019-04-17 01:19:26'),
(216, 32, 'Nicole Gerhold', 'Distinctio officiis expedita repellendus. Voluptatem quia quo quisquam ea similique tempore et. Officia non eveniet unde facere. Ipsum maiores commodi rerum.', 0, '2019-04-17 01:19:26', '2019-04-17 01:19:26'),
(217, 80, 'Estella Cummings', 'Necessitatibus rerum quia recusandae officia ducimus. Ea molestias nihil consequatur sit asperiores similique harum expedita. Sed rerum minus est cum.', 0, '2019-04-17 01:19:26', '2019-04-17 01:19:26'),
(218, 93, 'Geovany Jacobson', 'Commodi qui magni eligendi impedit incidunt quibusdam tempora. Est neque in repudiandae.', 2, '2019-04-17 01:19:26', '2019-04-17 01:19:26'),
(219, 10, 'Mr. Adam Rolfson II', 'Nulla ut cupiditate totam aut expedita corrupti qui. Corrupti qui placeat iusto quas. Ut voluptatem dolorum fuga quae qui. Consectetur voluptas at reiciendis eaque.', 0, '2019-04-17 01:19:26', '2019-04-17 01:19:26'),
(220, 52, 'Loraine Upton', 'Repudiandae dicta vitae aut optio impedit aut quae. Ut est ea nulla et ut maxime. Fugit est tenetur nihil expedita dolorem rerum culpa.', 3, '2019-04-17 01:19:26', '2019-04-17 01:19:26'),
(221, 32, 'Marcus Wisoky', 'Sunt maiores et minima quia sunt dolores voluptate laudantium. Exercitationem officiis aut et accusantium. Doloremque explicabo iste eveniet error quasi.', 5, '2019-04-17 01:19:26', '2019-04-17 01:19:26'),
(222, 94, 'Mitchell Champlin', 'Vero est maiores qui eligendi enim. Quis laboriosam aut sapiente voluptatum iusto ut. Dolore voluptas placeat dolores dolor voluptates iusto sed.', 0, '2019-04-17 01:19:26', '2019-04-17 01:19:26'),
(223, 36, 'Brooks Hauck', 'Sed cumque sit aut dignissimos adipisci non. Non nulla voluptatem nostrum dolorem. Assumenda consequatur animi est.', 5, '2019-04-17 01:19:26', '2019-04-17 01:19:26'),
(224, 93, 'Jamie Little', 'Placeat cumque nihil explicabo illo temporibus. Tempora aut fuga ullam itaque sint aspernatur. Tenetur in dolor facilis molestias et voluptatem non. Reprehenderit facere nesciunt inventore est est animi maxime. Architecto error sit voluptates magnam magni autem ullam.', 2, '2019-04-17 01:19:26', '2019-04-17 01:19:26'),
(225, 28, 'Lupe Hermiston', 'Id ad harum voluptatum aut. Voluptas magnam et praesentium. Eum quidem ipsum temporibus fugiat est illo. Quidem qui ab qui perferendis perferendis.', 0, '2019-04-17 01:19:26', '2019-04-17 01:19:26'),
(226, 11, 'Ransom Hintz', 'Occaecati odio vero voluptatem quos. Odio culpa explicabo ut.', 3, '2019-04-17 01:19:26', '2019-04-17 01:19:26'),
(227, 79, 'Hayley Smitham', 'Adipisci nihil molestiae beatae aperiam vel mollitia. Est tenetur debitis ut non rerum non non rerum. Aut fugit facere quo at enim deserunt. Quis qui consectetur accusantium alias molestiae. Sit est facilis sed sit inventore nobis.', 5, '2019-04-17 01:19:26', '2019-04-17 01:19:26'),
(228, 73, 'Prof. Julio Borer I', 'Sed et quod unde incidunt. Velit assumenda quod nihil ratione fugiat. Laudantium asperiores debitis iste ut ut beatae quos. Velit labore ipsum in.', 5, '2019-04-17 01:19:26', '2019-04-17 01:19:26'),
(229, 78, 'Abigail Larkin', 'Voluptatum nulla culpa ut. Alias omnis deserunt laboriosam eveniet laborum. Saepe ipsum sit officiis quia. Architecto qui quaerat architecto et.', 0, '2019-04-17 01:19:26', '2019-04-17 01:19:26'),
(230, 88, 'Tatyana Lemke', 'Veniam accusamus harum iste possimus ratione et asperiores. Dolore aperiam aut consequatur quo voluptatem ullam. Mollitia eum molestias labore provident ipsam ut quia.', 0, '2019-04-17 01:19:26', '2019-04-17 01:19:26'),
(231, 21, 'Mavis Collier', 'Repudiandae molestiae necessitatibus cumque ut quas. Aspernatur commodi vel perferendis totam aut. Enim velit et et. Est culpa ea expedita et ducimus.', 1, '2019-04-17 01:19:26', '2019-04-17 01:19:26'),
(232, 24, 'Tremayne Moen', 'Facilis voluptatem dolorum magni molestiae fugit. Neque occaecati qui earum et. Rerum ullam quia distinctio assumenda eum quia fugiat. Delectus ea corrupti earum eius dolorum.', 3, '2019-04-17 01:19:26', '2019-04-17 01:19:26'),
(233, 54, 'Sid Kuvalis', 'Sequi non quibusdam sit sit rerum. Porro sequi adipisci unde fugiat iure. Aliquid enim sed qui. Quia perspiciatis ipsum quidem.', 3, '2019-04-17 01:19:26', '2019-04-17 01:19:26'),
(234, 75, 'Prof. Tania Dach', 'Quas dolor dolorem porro dolores. Sunt dolore fuga voluptatem dolorem. Nostrum at et neque sit non.', 1, '2019-04-17 01:19:26', '2019-04-17 01:19:26'),
(235, 10, 'Mr. Collin Bashirian', 'Aut quis consequatur nisi praesentium quo. Et illum porro perferendis reprehenderit quia quia vero. At placeat et totam ipsa voluptatum eos veritatis.', 2, '2019-04-17 01:19:26', '2019-04-17 01:19:26'),
(236, 24, 'Alec Schimmel', 'Corporis alias velit sunt voluptas cupiditate eligendi. Dolorem quia saepe eius recusandae qui quidem. Mollitia distinctio voluptas est nemo. Quas explicabo sit explicabo in recusandae.', 1, '2019-04-17 01:19:26', '2019-04-17 01:19:26'),
(237, 35, 'Esther Treutel', 'Doloribus velit voluptatem voluptatum vel soluta recusandae officia. Autem eligendi repellat ratione quia voluptatem sed ut. Quibusdam accusantium officia quia corrupti illo. Blanditiis assumenda nihil voluptates nisi.', 5, '2019-04-17 01:19:26', '2019-04-17 01:19:26'),
(238, 75, 'Preston Nolan', 'Impedit alias vel sint aliquid. Tenetur et dolorem est ut. Qui amet reiciendis eaque error facilis consectetur dolorem.', 3, '2019-04-17 01:19:26', '2019-04-17 01:19:26'),
(239, 71, 'Kayden Kozey', 'Quia voluptas laudantium distinctio harum. Itaque incidunt autem et earum ut iure. Quia dolor nihil temporibus rem error rerum neque.', 3, '2019-04-17 01:19:26', '2019-04-17 01:19:26'),
(240, 29, 'Hettie Emmerich Jr.', 'Vitae occaecati expedita aut nulla veritatis quo. Exercitationem aliquam ut quam corrupti. Corrupti distinctio sint quidem voluptatibus. Quia consequuntur sit rerum quasi vero et odit.', 4, '2019-04-17 01:19:26', '2019-04-17 01:19:26'),
(241, 53, 'Gonzalo Wintheiser II', 'Qui qui ea voluptatem. Fugit et ab adipisci ut laboriosam. Blanditiis dolore autem rerum occaecati. Quibusdam culpa illum saepe nam aut.', 1, '2019-04-17 01:19:26', '2019-04-17 01:19:26'),
(242, 82, 'Prof. Neal Dicki DDS', 'Aliquam veritatis debitis iure autem quod non suscipit. Inventore nemo consectetur et sapiente mollitia odio nihil. Mollitia quos modi officia est eos sit voluptate ex.', 4, '2019-04-17 01:19:26', '2019-04-17 01:19:26'),
(243, 89, 'Weston Maggio', 'Voluptatem nihil rerum sit quam vitae quos consectetur. Sequi soluta et mollitia eos optio impedit vel doloremque. Nihil nobis est est omnis cumque. Voluptatem labore recusandae fugit minima consequuntur quod cumque. Nihil eius quia debitis ea rerum ut vero.', 2, '2019-04-17 01:19:26', '2019-04-17 01:19:26'),
(244, 40, 'Andrew Ruecker', 'Quo doloribus natus ea est enim. Ut minus voluptatem explicabo voluptatem. Impedit facilis sit sed eum. Autem quis sint voluptas.', 1, '2019-04-17 01:19:26', '2019-04-17 01:19:26'),
(245, 85, 'Ms. Maudie Hilpert', 'Est debitis nemo quasi. Repellat quaerat ipsum rem similique porro vitae. Perferendis harum voluptates in qui id aperiam.', 5, '2019-04-17 01:19:26', '2019-04-17 01:19:26'),
(246, 83, 'Annetta Streich V', 'Sequi ea fugiat dicta mollitia sint. Velit commodi et deleniti debitis voluptas aut nisi. Est et saepe nemo occaecati. Enim placeat sit maxime velit est nostrum atque. Optio nesciunt ipsa molestias a labore.', 1, '2019-04-17 01:19:26', '2019-04-17 01:19:26'),
(247, 53, 'Dr. Johnnie Beier PhD', 'Est ut aspernatur omnis cum non. Qui repellendus tenetur porro blanditiis quasi. Quidem facere sint repudiandae nesciunt.', 1, '2019-04-17 01:19:26', '2019-04-17 01:19:26'),
(248, 86, 'Leonardo Lindgren', 'Quo et fugiat tenetur et. Nihil ea nam aperiam quae. Nemo nihil cum facere facere qui voluptatem. Impedit commodi quae sint aspernatur natus hic ad.', 2, '2019-04-17 01:19:26', '2019-04-17 01:19:26'),
(249, 86, 'Lilyan Schultz', 'Dolor porro magnam dolorum eius itaque amet. Nesciunt tempora ipsa voluptatem repudiandae harum. Nobis nulla est quia nobis ut unde tempore.', 4, '2019-04-17 01:19:26', '2019-04-17 01:19:26'),
(250, 42, 'Liliana Runolfsson', 'Excepturi temporibus consequuntur eaque sit qui. Reprehenderit nobis ullam qui ratione et aliquam rerum. Omnis rerum qui error unde deleniti dolores aut. Numquam dolore sint ad recusandae.', 5, '2019-04-17 01:19:26', '2019-04-17 01:19:26'),
(251, 22, 'Mr. Brody Conn DDS', 'Qui in atque sunt. Adipisci tenetur laudantium voluptatem laudantium saepe quidem quia consequatur. Molestias voluptas inventore vel dicta. Hic itaque rerum repellat quo enim tenetur quis.', 3, '2019-04-17 01:19:26', '2019-04-17 01:19:26'),
(252, 5, 'Santiago Shanahan', 'Molestiae iusto aut qui voluptas odit. Laboriosam accusantium quae accusamus voluptatem velit. Vel magnam debitis nihil.', 2, '2019-04-17 01:19:26', '2019-04-17 01:19:26'),
(253, 84, 'Dr. Humberto Feest', 'Blanditiis quisquam ipsum quo hic fugiat velit ut. Voluptates molestias eum eum enim qui minima. Provident cum tenetur perferendis sit totam suscipit. Quis ut eveniet velit.', 1, '2019-04-17 01:19:26', '2019-04-17 01:19:26'),
(254, 11, 'Ova Wisoky', 'Quasi minus beatae veniam vel dolore reprehenderit. Voluptas voluptatem illum et animi eius. Quia molestiae consequatur placeat facere consequatur qui temporibus.', 5, '2019-04-17 01:19:26', '2019-04-17 01:19:26'),
(255, 66, 'Bernita Hartmann', 'Est consequatur delectus magni repellendus laborum rerum omnis amet. Omnis aut molestias perferendis minus quisquam id facilis. Id maxime totam maxime placeat sequi.', 5, '2019-04-17 01:19:26', '2019-04-17 01:19:26'),
(256, 73, 'Kristin Funk', 'Dolores ex quos reprehenderit molestiae enim et sequi. Officiis numquam voluptatem ut omnis placeat et. Quia commodi sequi iure eius dolorum deleniti.', 0, '2019-04-17 01:19:26', '2019-04-17 01:19:26'),
(257, 37, 'Shawna Casper', 'Non amet repellat libero omnis. Ex a placeat dolores veniam eveniet. Repellat aut aperiam voluptatem unde voluptatem blanditiis perferendis. Maiores ut voluptatem odio quia. Corporis dolores minus consequatur.', 4, '2019-04-17 01:19:26', '2019-04-17 01:19:26'),
(258, 32, 'Alfonzo Flatley', 'Et at placeat tempore aut adipisci consectetur odit consequuntur. Explicabo vero facilis molestias sed dolores illum eos. Qui assumenda qui mollitia maxime et repudiandae dicta.', 3, '2019-04-17 01:19:26', '2019-04-17 01:19:26'),
(259, 100, 'Kirsten Fahey', 'Nam a sed aut et voluptate voluptates vitae consequatur. Delectus facilis et perferendis possimus. Commodi perspiciatis ullam sed labore dicta doloremque illum. Inventore ex perferendis quisquam consequatur.', 5, '2019-04-17 01:19:26', '2019-04-17 01:19:26'),
(260, 78, 'Ms. Noemie Pfeffer Jr.', 'Fugit aut aspernatur iusto consequatur cum doloremque amet. Voluptatem dolorem quasi veniam consequatur vel accusantium corporis. Quia rerum qui aut.', 0, '2019-04-17 01:19:26', '2019-04-17 01:19:26'),
(261, 33, 'Travon Walker', 'Debitis doloribus ratione hic neque quisquam voluptatem. Aut sit modi culpa sed fugiat est. In accusantium possimus dicta et molestias dolores velit. Consectetur aspernatur expedita eveniet sit harum dicta vel.', 3, '2019-04-17 01:19:26', '2019-04-17 01:19:26'),
(262, 72, 'Sabryna Bartoletti', 'Et voluptate dolorum sit illo recusandae. Adipisci est dolorem magnam.', 1, '2019-04-17 01:19:26', '2019-04-17 01:19:26'),
(263, 37, 'Ms. Julie Grimes II', 'Vero et facilis inventore sit. Ea iste sit placeat et nemo. Tempore id quis aliquid modi sunt repellendus voluptates.', 3, '2019-04-17 01:19:26', '2019-04-17 01:19:26'),
(264, 84, 'Prof. Hector Luettgen', 'Repudiandae non dolores eius et tempore ex quo. Explicabo sint sequi nihil minima. Est sed nihil nemo occaecati laborum eos natus.', 3, '2019-04-17 01:19:26', '2019-04-17 01:19:26'),
(265, 24, 'Octavia Grant', 'Consequatur et omnis provident soluta qui dolorem consequuntur. Omnis voluptatem vero et neque molestias enim deleniti id. Minus non est totam reiciendis est. Est ipsam assumenda cumque quaerat.', 5, '2019-04-17 01:19:26', '2019-04-17 01:19:26'),
(266, 72, 'Gunnar Fay', 'Soluta est eligendi dolores expedita ut asperiores. Optio eveniet repudiandae quasi eos. In laudantium praesentium repudiandae voluptas dolorem nesciunt. Qui itaque et at qui voluptatem omnis. Nesciunt inventore atque sit esse occaecati repellat.', 4, '2019-04-17 01:19:26', '2019-04-17 01:19:26'),
(267, 70, 'Mr. Jo Hand', 'Voluptatem dolores ratione deleniti ipsam dolorem minima placeat. Ipsam quod consequatur molestias dolorem minus eveniet. Consectetur est recusandae et eaque. Neque eius dolorem blanditiis nesciunt. Repellat nihil excepturi rem culpa exercitationem enim ut non.', 3, '2019-04-17 01:19:26', '2019-04-17 01:19:26'),
(268, 9, 'Miss Kailyn Rippin IV', 'Vitae alias natus et. Ad ipsa sit officiis saepe eaque. Natus hic commodi enim est.', 2, '2019-04-17 01:19:26', '2019-04-17 01:19:26'),
(269, 53, 'Prof. Dudley Schmitt II', 'Aut consequatur et non temporibus explicabo. Deleniti ad vel quae quasi. Exercitationem eos nihil in rerum adipisci et. Neque ut eos voluptatem sed.', 3, '2019-04-17 01:19:26', '2019-04-17 01:19:26'),
(270, 100, 'Dr. Terrence Breitenberg Sr.', 'Quidem ullam iste ea provident. Esse aut repellendus pariatur consequatur explicabo ut enim odit. Sit dolore velit eligendi consequatur. Est unde nihil quasi impedit quidem qui amet.', 5, '2019-04-17 01:19:26', '2019-04-17 01:19:26'),
(271, 17, 'Prof. Ray Ullrich PhD', 'Aut et tempora fuga non. Ut quaerat eum est quia repellendus consequatur illum. Aut dolores dolore numquam cupiditate. Ipsa id deserunt est nihil dolor dolor nisi.', 0, '2019-04-17 01:19:26', '2019-04-17 01:19:26'),
(272, 64, 'Amelia Jaskolski IV', 'Dicta in eum saepe eaque quia ut cumque. Qui harum qui consequatur ut est ut. Ut ut voluptas excepturi maxime consequatur qui amet. Vero magnam est vel ipsam.', 5, '2019-04-17 01:19:26', '2019-04-17 01:19:26'),
(273, 70, 'Prof. Susan Rau III', 'Ea eos blanditiis reprehenderit ab itaque earum. Rerum qui quam et eligendi veniam dolorum esse. Repellat est incidunt tempore sit molestias. Sapiente iste doloremque cumque sint amet laudantium.', 5, '2019-04-17 01:19:26', '2019-04-17 01:19:26'),
(274, 6, 'Jamarcus Cremin', 'Cupiditate dolor et autem sunt. Quae enim asperiores et non consequatur reprehenderit facere. Adipisci non deleniti quod quia quis.', 4, '2019-04-17 01:19:26', '2019-04-17 01:19:26'),
(275, 90, 'Allen Leannon', 'Reiciendis doloribus qui consequatur. Dolore id ratione aut nulla ratione ipsum est.', 0, '2019-04-17 01:19:26', '2019-04-17 01:19:26'),
(276, 15, 'Prof. Crystal Jacobs', 'Ut amet error consequatur aut aut consequuntur voluptate. Dolorum exercitationem omnis minima. Assumenda itaque eius rerum asperiores harum corrupti in nihil.', 5, '2019-04-17 01:19:26', '2019-04-17 01:19:26'),
(277, 88, 'Amara Schmitt I', 'In voluptatem eveniet aut. Voluptates qui cupiditate fugiat culpa et. Maiores sit facere voluptatem officia omnis quis.', 5, '2019-04-17 01:19:26', '2019-04-17 01:19:26'),
(278, 31, 'Raymundo Carter', 'Vel eius commodi ipsum. Ipsa distinctio porro dolorem maxime officia dolor beatae. Ex sunt quo tempore voluptatum ut.', 0, '2019-04-17 01:19:26', '2019-04-17 01:19:26'),
(279, 59, 'Tate Sauer', 'Officiis repellat occaecati debitis possimus aut velit placeat distinctio. Dignissimos eaque nisi qui accusantium aliquid facere. Tempora consequatur totam aut possimus inventore et voluptatibus.', 5, '2019-04-17 01:19:26', '2019-04-17 01:19:26'),
(280, 96, 'Greta Jakubowski', 'Fugit quos accusamus vitae consequuntur optio. Et mollitia voluptates praesentium laudantium dolorem veritatis excepturi. Accusamus eos quia consequuntur rem alias.', 3, '2019-04-17 01:19:26', '2019-04-17 01:19:26'),
(281, 89, 'Malinda Hettinger', 'Asperiores est et quisquam distinctio natus architecto. Esse numquam quis cupiditate exercitationem ratione. Voluptate non porro ex voluptate sit dolor non aut. Laudantium velit dolores deserunt et.', 2, '2019-04-17 01:19:26', '2019-04-17 01:19:26'),
(282, 56, 'Esmeralda Satterfield', 'Facilis qui deserunt dolorem dolore reiciendis. Aliquid aliquid iusto amet itaque velit. Et rem sunt sint nulla et. Quas numquam et accusantium ducimus corrupti explicabo temporibus.', 4, '2019-04-17 01:19:26', '2019-04-17 01:19:26'),
(283, 3, 'Dr. Cortez O\'Kon', 'Repellendus id at quia quos consectetur. Omnis neque ullam mollitia labore. Officia dolor id reiciendis qui ducimus quaerat architecto.', 0, '2019-04-17 01:19:26', '2019-04-17 01:19:26'),
(284, 27, 'Prof. Haven Stehr I', 'Sequi reprehenderit voluptas ipsam excepturi modi nulla eos alias. Voluptatibus dolores molestiae et placeat minus dolorum totam exercitationem. Corporis temporibus delectus rerum libero. Eos ut accusamus omnis ut qui. Alias autem odio aut voluptates eius repudiandae.', 4, '2019-04-17 01:19:26', '2019-04-17 01:19:26'),
(285, 79, 'Dr. Rupert Braun MD', 'Dolores tenetur voluptatem numquam non inventore ut non. Ut nesciunt quam cum ducimus tempora doloribus.', 0, '2019-04-17 01:19:26', '2019-04-17 01:19:26'),
(286, 96, 'Tristian Stanton', 'Reiciendis explicabo totam facilis. Reprehenderit unde voluptas aut unde. Nihil autem officia quo. Dolorem nisi molestiae laborum ipsum voluptatem voluptatem.', 1, '2019-04-17 01:19:26', '2019-04-17 01:19:26'),
(287, 58, 'Layne Sawayn', 'Maxime nihil esse voluptas. Consectetur et minima nulla ut praesentium est dolor voluptate. Odio libero velit vel possimus accusamus dolorum.', 3, '2019-04-17 01:19:26', '2019-04-17 01:19:26'),
(288, 81, 'Danial Bogan II', 'Iusto sit et nesciunt et perferendis facilis ut. Nam excepturi sint ipsam odio nostrum et odio. Molestias vitae ut est.', 5, '2019-04-17 01:19:26', '2019-04-17 01:19:26'),
(289, 36, 'Dr. Winfield Nienow', 'Expedita neque sint amet eveniet est magnam nam. Dicta voluptatibus autem vel voluptatem quos. Dicta quia provident eos et saepe aut. Laborum voluptas quasi est alias.', 1, '2019-04-17 01:19:26', '2019-04-17 01:19:26'),
(290, 81, 'Bert Doyle Sr.', 'Voluptatum doloribus laboriosam pariatur rem voluptas sit nobis. Aperiam doloremque assumenda non commodi velit autem. Commodi voluptas exercitationem qui qui.', 2, '2019-04-17 01:19:26', '2019-04-17 01:19:26'),
(291, 4, 'Aileen Langworth', 'Delectus molestias ipsa animi voluptatem. Rerum fuga velit praesentium. Iste beatae autem ipsum cumque. Aut iusto error nulla sit.', 3, '2019-04-17 01:19:26', '2019-04-17 01:19:26'),
(292, 96, 'Danyka Schmitt', 'Mollitia quos magni provident. Velit vel quos voluptatem eius voluptatibus esse. In non odio ad.', 0, '2019-04-17 01:19:26', '2019-04-17 01:19:26'),
(293, 7, 'Oscar Champlin', 'Iure repellat excepturi in quod quos assumenda est. Placeat repellat adipisci corporis et modi soluta. Sed sit iure quis et quidem voluptas.', 5, '2019-04-17 01:19:26', '2019-04-17 01:19:26'),
(294, 6, 'Dariana Hauck DDS', 'Veritatis aliquid laboriosam ipsum non sint est nobis qui. Et et quibusdam sunt velit exercitationem. Molestiae aut nobis voluptatem dolor ut velit.', 4, '2019-04-17 01:19:26', '2019-04-17 01:19:26'),
(295, 28, 'Brisa Kshlerin', 'Cum dicta veniam sequi aliquid. Voluptas error sequi consequatur. Perspiciatis occaecati accusamus in nihil autem nemo expedita.', 0, '2019-04-17 01:19:26', '2019-04-17 01:19:26'),
(296, 12, 'Dallas Hill', 'Molestias rerum culpa odio molestiae fuga dolores iusto. Voluptates labore sint tempore. Ut et et error ut hic.', 1, '2019-04-17 01:19:26', '2019-04-17 01:19:26'),
(297, 8, 'Boris Jakubowski', 'Illo tempora impedit fuga alias et. Minima voluptatibus numquam ducimus et. Sunt quo consequatur error deserunt. Ea laboriosam autem ut ipsa rem totam alias.', 0, '2019-04-17 01:19:26', '2019-04-17 01:19:26'),
(298, 4, 'Laurence Abshire', 'Nam ducimus libero quidem laboriosam dolores. Debitis iure odit fuga sunt nihil quis mollitia. Ea atque dolor tempora aperiam deserunt odit vel excepturi. Sit dolores qui dolorum quia explicabo.', 3, '2019-04-17 01:19:26', '2019-04-17 01:19:26'),
(299, 24, 'Dr. Elbert Howe IV', 'Vel qui ipsam ab consequatur impedit. Eum autem explicabo aut ut consequuntur.', 5, '2019-04-17 01:19:26', '2019-04-17 01:19:26'),
(300, 9, 'Lillian Fay', 'Tempora eos dicta velit minus deleniti numquam consequatur. Et consequatur sint aliquam voluptas eos. Voluptate accusamus veritatis doloremque neque maxime optio inventore est. Et doloremque cupiditate aliquam dolorem eligendi odit.', 1, '2019-04-17 01:19:26', '2019-04-17 01:19:26');

-- --------------------------------------------------------

--
-- Table structure for table `users`
--

CREATE TABLE `users` (
  `id` bigint(20) UNSIGNED NOT NULL,
  `name` varchar(255) COLLATE utf8mb4_unicode_ci NOT NULL,
  `email` varchar(255) COLLATE utf8mb4_unicode_ci NOT NULL,
  `email_verified_at` timestamp NULL DEFAULT NULL,
  `password` varchar(255) COLLATE utf8mb4_unicode_ci NOT NULL,
  `remember_token` varchar(100) COLLATE utf8mb4_unicode_ci DEFAULT NULL,
  `created_at` timestamp NULL DEFAULT NULL,
  `updated_at` timestamp NULL DEFAULT NULL
) ENGINE=InnoDB DEFAULT CHARSET=utf8mb4 COLLATE=utf8mb4_unicode_ci;

--
-- Indexes for dumped tables
--

--
-- Indexes for table `migrations`
--
ALTER TABLE `migrations`
  ADD PRIMARY KEY (`id`);

--
-- Indexes for table `password_resets`
--
ALTER TABLE `password_resets`
  ADD KEY `password_resets_email_index` (`email`);

--
-- Indexes for table `products`
--
ALTER TABLE `products`
  ADD PRIMARY KEY (`id`);

--
-- Indexes for table `reviews`
--
ALTER TABLE `reviews`
  ADD PRIMARY KEY (`id`),
  ADD KEY `reviews_product_id_index` (`product_id`);

--
-- Indexes for table `users`
--
ALTER TABLE `users`
  ADD PRIMARY KEY (`id`),
  ADD UNIQUE KEY `users_email_unique` (`email`);

--
-- AUTO_INCREMENT for dumped tables
--

--
-- AUTO_INCREMENT for table `migrations`
--
ALTER TABLE `migrations`
  MODIFY `id` int(10) UNSIGNED NOT NULL AUTO_INCREMENT, AUTO_INCREMENT=5;
--
-- AUTO_INCREMENT for table `products`
--
ALTER TABLE `products`
  MODIFY `id` bigint(20) UNSIGNED NOT NULL AUTO_INCREMENT, AUTO_INCREMENT=101;
--
-- AUTO_INCREMENT for table `reviews`
--
ALTER TABLE `reviews`
  MODIFY `id` bigint(20) UNSIGNED NOT NULL AUTO_INCREMENT, AUTO_INCREMENT=301;
--
-- AUTO_INCREMENT for table `users`
--
ALTER TABLE `users`
  MODIFY `id` bigint(20) UNSIGNED NOT NULL AUTO_INCREMENT;
/*!40101 SET CHARACTER_SET_CLIENT=@OLD_CHARACTER_SET_CLIENT */;
/*!40101 SET CHARACTER_SET_RESULTS=@OLD_CHARACTER_SET_RESULTS */;
/*!40101 SET COLLATION_CONNECTION=@OLD_COLLATION_CONNECTION */;
